ID,school_name,percent_female,percent_male,economic_need_index
01M015,P.S. 015 Roberto Clemente,0.472,0.528,0.889
01M019,P.S. 019 Asher Levy,0.463,0.537,0.625
01M020,P.S. 020 Anna Silver,0.477,0.523,0.674
01M034,P.S. 034 Franklin D. Roosevelt,0.508,0.492,0.856
01M063,The STAR Academy - P.S.63,0.493,0.507,0.705
01M064,P.S. 064 Robert Simon,0.407,0.593,0.822
01M110,P.S. 110 Florence Nightingale,0.477,0.523,0.476
01M134,P.S. 134 Henrietta Szold,0.475,0.525,0.817
01M140,P.S. 140 Nathan Straus,0.5,0.5,0.855
01M142,P.S. 142 Amalia Castro,0.452,0.548,0.85
01M184,P.S. 184m Shuang Wen,0.499,0.501,0.537
01M188,P.S. 188 The Island School,0.442,0.558,0.921
01M292,Orchard Collegiate Academy,0.368,0.632,0.873
01M315,The East Village Community School,0.482,0.518,0.267
01M332,University Neighborhood Middle School,0.445,0.555,0.732
01M361,The Children's Workshop School,0.483,0.517,0.423
01M363,Neighborhood School,0.457,0.543,0.397
01M364,Earth School,0.479,0.521,0.414
01M378,School for Global Leaders,0.443,0.557,0.758
01M448,University Neighborhood High School,0.431,0.569,0.766
01M450,East Side Community School,0.493,0.507,0.587
01M458,Forsyth Satellite Academy,0.586,0.414,0.723
01M509,Marta Valle High School,0.61,0.39,0.789
01M515,Lower East Side Preparatory High School,0.447,0.553,0.895
01M539,"New Explorations into Science, Technology and Math",0.505,0.495,0.253
01M650,Cascades High School,0.584,0.416,0.646
01M696,Bard High School Early College,0.589,0.411,0.37
01M839,Tompkins Square Middle School,0.526,0.474,0.581
02M001,P.S. 001 Alfred E. Smith,0.472,0.527,0.701
02M002,P.S. 002 Meyer London,0.466,0.534,0.814
02M003,P.S. 003 Charrette School,0.475,0.525,0.14
02M006,P.S. 006 Lillie D. Blake,0.459,0.541,0.104
02M011,P.S. 011 William T. Harris,0.471,0.529,0.296
02M033,P.S. 033 Chelsea Prep,0.505,0.495,0.392
02M040,P.S. 040 Augustus Saint-Gaudens,0.513,0.487,0.112
02M041,P.S. 041 Greenwich Village,0.52,0.48,0.052
02M042,P.S. 042 Benjamin Altman,0.463,0.537,0.729
02M047,47 The American Sign Language and English Secondar,0.651,0.349,0.694
02M051,P.S. 051 Elias Howe,0.476,0.524,0.473
02M059,P.S. 059 Beekman Hill International,0.476,0.524,0.07
02M077,P.S. 77 Lower Lab School,0.507,0.493,0.063
02M089,P.S. 89,0.459,0.541,0.058
02M104,J.H.S. 104 Simon Baruch,0.439,0.561,0.438
02M111,P.S. 111 Adolph S. Ochs,0.489,0.511,0.519
02M114,East Side Middle School,0.522,0.478,0.084
02M116,P.S. 116 Mary Lindley Murray,0.489,0.511,0.28
02M124,P.S. 124 Yung Wing,0.46,0.54,0.54
02M126,P.S. 126 Jacob August Riis,0.478,0.522,0.719
02M130,P.S. 130 Hernando De Soto,0.485,0.515,0.596
02M131,M.S. 131,0.44,0.56,0.8
02M135,The Urban Assembly School for Emergency Management,0.56,0.44,0.706
02M139,Stephen T. Mather Building Arts & Craftsmanship Hi,0.298,0.702,0.706
02M150,P.S. 150,0.473,0.527,0.158
02M151,Yorkville Community School,0.48,0.52,0.342
02M158,P.S. 158 Bayard Taylor,0.489,0.511,0.103
02M167,J.H.S. 167 Robert F. Wagner,0.472,0.528,0.314
02M177,Yorkville East Middle School,0.451,0.549,0.237
02M183,P.S. 183 Robert L. Stevenson,0.447,0.553,0.062
02M198,P.S. 198 Isador E. Ida Straus,0.472,0.528,0.293
02M212,P.S. 212 Midtown West,0.534,0.466,0.181
02M217,P.S./I.S. 217 Roosevelt Island,0.482,0.518,0.245
02M225,Ella Baker School,0.519,0.481,0.319
02M234,P.S. 234 Independence School,0.497,0.503,0.053
02M255,M.S. 255 Salk School of Science,0.612,0.388,0.114
02M260,The Clinton School,0.723,0.277,0.183
02M267,"East Side Elementary School, PS 267",0.512,0.488,0.034
02M276,Battery Park City School,0.479,0.521,0.106
02M280,Manhattan Early College School for Advertising,0.529,0.471,0.572
02M281,The River School,0.474,0.526,0.179
02M282,Urban Assembly Maker Academy,0.327,0.673,0.648
02M288,Food and Finance High School,0.541,0.459,0.7
02M289,I.S. 289,0.547,0.453,0.396
02M290,P.S. 290 Manhattan New School,0.525,0.475,0.061
02M294,Essex Street Academy,0.506,0.494,0.642
02M296,High School of Hospitality Management,0.729,0.271,0.734
02M298,Pace High School,0.598,0.402,0.676
02M300,"Urban Assembly School of Design and Construction,",0.278,0.723,0.745
02M303,"Facing History School, The",0.511,0.489,0.795
02M305,"Urban Assembly Academy of Government and Law, The",0.556,0.444,0.748
02M308,Lower Manhattan Arts Academy,0.703,0.297,0.687
02M312,New York City Lab Middle School for Collaborative,0.492,0.508,0.296
02M313,"James Baldwin School, The: A School for Expedition",0.536,0.464,0.707
02M316,"Urban Assembly School of Business for Young Women,",1,0,0.701
02M340,Sixth Avenue Elementary School,0.523,0.477,0.092
02M343,The Peck Slip School,0.523,0.477,0.096
02M347,The 47 American Sign Language & English Lower Scho,0.492,0.508,0.578
02M374,Gramercy Arts High School,0.721,0.279,0.655
02M376,NYC iSchool,0.562,0.438,0.41
02M391,District 2 Pre-K Center,0.521,0.479,0.141
02M392,MANHATTAN BUSINESS ACADEMY,0.466,0.534,0.682
02M393,Business Of Sports School,0.346,0.654,0.713
02M394,Emma Lazarus High School,0.462,0.538,0.969
02M397,Spruce Street School,0.49,0.51,0.074
02M399,The High School For Language And Diplomacy,0.553,0.447,0.715
02M400,High School for Environmental Studies,0.498,0.502,0.696
02M407,Institute for Collaborative Education,0.49,0.51,0.267
02M408,Professional Performing Arts High School,0.745,0.255,0.338
02M411,Baruch College Campus High School,0.564,0.436,0.415
02M412,N.Y.C. Lab School for Collaborative Studies,0.56,0.44,0.27
02M413,School of the Future High School,0.499,0.501,0.335
02M414,N.Y.C. Museum School,0.594,0.406,0.583
02M416,Eleanor Roosevelt High School,0.592,0.408,0.186
02M418,Millennium High School,0.649,0.351,0.401
02M419,Landmark High School,0.559,0.441,0.785
02M420,High School for Health Professions and Human Servi,0.703,0.297,0.674
02M422,Quest to Learn,0.317,0.683,0.433
02M425,Leadership and Public Service High School,0.577,0.423,0.749
02M427,MANHATTAN ACADEMY FOR ARTS & LANGUAGE,0.479,0.521,0.944
02M432,Murray Hill Academy,0.479,0.521,0.701
02M437,Hudson High School of Learning Technologies,0.337,0.663,0.745
02M438,International High School at Union Square,0.458,0.542,0.941
02M439,Manhattan Village Academy,0.644,0.356,0.607
02M442,"Ballet Tech, NYC Public School for Dance",0.533,0.467,0.454
02M449,Vanguard High School,0.542,0.458,0.655
02M459,Manhattan International High School,0.462,0.538,0.914
02M475,Stuyvesant High School,0.427,0.573,0.32
02M489,High School of Economics and Finance,0.406,0.594,0.65
02M500,Unity Center for Urban Technologies,0.329,0.671,0.777
02M507,Urban Assembly Gateway School for Technology,0.21,0.79,0.63
02M519,Talent Unlimited High School,0.823,0.177,0.451
02M520,Murry Bergtraum High School for Business Careers,0.487,0.513,0.725
02M527,P.S. 527 - East Side School for Social Action,0.442,0.558,0.106
02M529,Jacqueline Kennedy Onassis High School,0.586,0.414,0.739
02M531,Repertory Company High School for Theatre Arts,0.838,0.162,0.607
02M533,Union Square Academy for Health Sciences,0.72,0.28,0.733
02M534,Harvest Collegiate High School,0.568,0.432,0.499
02M542,Manhattan Bridges High School,0.514,0.486,0.857
02M543,New Design High School,0.606,0.394,0.755
02M544,Independence High School,0.484,0.516,0.694
02M545,High School for Dual Language and Asian Studies,0.576,0.424,0.724
02M546,Academy for Software Engineering,0.213,0.787,0.6
02M550,Liberty High School Academy for Newcomers,0.372,0.628,0.958
02M551,Urban Assembly New York Harbor School,0.363,0.637,0.552
02M560,High School M560 - City As School,0.546,0.454,0.567
02M565,Urban Academy Laboratory High School,0.648,0.352,0.455
02M570,Satellite Academy High School,0.534,0.466,0.724
02M575,Manhattan Comprehensive Night and Day High School,0.464,0.536,0.792
02M580,Richard R. Green High School of Teaching,0.692,0.308,0.776
02M586,Harvey Milk High School,0.508,0.492,0.767
02M600,The High School of Fashion Industries,0.934,0.066,0.674
02M605,Humanities Preparatory Academy,0.545,0.455,0.702
02M615,Chelsea Career and Technical Education High School,0.377,0.623,0.713
02M630,Art and Design High School,0.587,0.413,0.539
02M655,Life Sciences Secondary School,0.482,0.518,0.748
02M896,Lower Manhattan Community Middle School,0.51,0.49,0.507
02M933,City Knoll Middle School,0.58,0.42,0.551
03M009,P.S. 009 Sarah Anderson,0.52,0.48,0.19
03M054,J.H.S. 054 Booker T. Washington,0.469,0.531,0.19
03M075,P.S. 075 Emily Dickinson,0.46,0.54,0.615
03M076,P.S. 076 A. Philip Randolph,0.527,0.473,0.847
03M084,P.S. 084 Lillian Weber,0.505,0.495,0.451
03M087,P.S. 087 William Sherman,0.502,0.498,0.091
03M145,"P.S. 145, The Bloomingdale School",0.511,0.489,0.734
03M149,P.S. 149 Sojourner Truth,0.495,0.505,0.858
03M163,P.S. 163 Alfred E. Smith,0.467,0.533,0.482
03M165,P.S. 165 Robert E. Simon,0.49,0.51,0.695
03M166,P.S. 166 The Richard Rodgers School of The Arts an,0.498,0.502,0.184
03M180,P.S. 180 Hugo Newman,0.479,0.521,0.664
03M185,The Locke School of Arts and Engineering,0.515,0.485,0.768
03M191,The Riverside School for Makers and Artists,0.508,0.492,0.646
03M199,P.S. 199 Jessie Isador Straus,0.512,0.488,0.061
03M241,STEM Institute of Manhattan,0.5,0.5,0.865
03M242,P.S. 242 - The Young Diplomats Magnet Academy,0.425,0.575,0.808
03M243,M.S. 243 Center School,0.517,0.483,0.184
03M245,M.S. M245 The Computer School,0.568,0.432,0.252
03M247,M.S. M247 Dual Language Middle School,0.579,0.421,0.749
03M250,M.S. 250 West Side Collaborative Middle School,0.448,0.552,0.668
03M256,Lafayette Academy,0.399,0.601,0.719
03M258,Community Action School - MS 258,0.438,0.562,0.676
03M291,West End Secondary School,0.61,0.39,0.17
03M299,The Maxine Greene HS for Imaginative Inquiry,0.545,0.455,0.767
03M307,"Urban Assembly School for Media Studies, The",0.533,0.467,0.734
03M333,P.S. 333 Manhattan School for Children,0.503,0.497,0.239
03M334,The Anderson School,0.522,0.478,0.131
03M402,The Urban Assembly School for Green Careers,0.399,0.601,0.793
03M403,The Global Learning Collaborative,0.46,0.54,0.775
03M404,Innovation Diploma Plus,0.454,0.546,0.707
03M415,Wadleigh Secondary School for the Performing & Vis,0.642,0.358,0.782
03M417,Frank Mccourt High School,0.573,0.427,0.451
03M421,West Prep Academy,0.484,0.516,0.739
03M452,P.S. 452,0.489,0.511,0.167
03M479,Beacon High School,0.642,0.358,0.258
03M485,Fiorello H. LaGuardia High School of Music & Art a,0.737,0.263,0.256
03M492,"High School for Law, Advocacy and Community Justic",0.551,0.449,0.753
03M494,High School of Arts and Technology,0.344,0.656,0.771
03M505,Edward A. Reynolds West Side High School,0.475,0.525,0.714
03M541,Manhattan / Hunter Science High School,0.558,0.442,0.466
03M859,Special Music School,0.505,0.495,0.275
03M860,Frederick Douglass Academy II Secondary School,0.446,0.554,0.783
03M862,Mott Hall II,0.536,0.464,0.453
04M007,P.S. 007 Samuel Stern,0.465,0.535,0.863
04M012,Tag Young Scholars,0.504,0.496,0.398
04M037,River East Elementary,0.498,0.502,0.775
04M038,P.S. 38 Roberto Clemente,0.488,0.512,0.911
04M057,James Weldon Johnson,0.492,0.508,0.885
04M072,The Lexington Academy,0.483,0.517,0.837
04M083,P.S. 083 Luis Munoz Rivera,0.487,0.513,0.731
04M096,P.S. 096 Joseph Lanzetta,0.48,0.52,0.899
04M102,P.S. 102 Jacques Cartier,0.433,0.567,0.796
04M108,P.S. 108 Assemblyman Angelo Del Toro Educational C,0.476,0.524,0.867
04M112,P.S. 112 Jose Celso Barbosa,0.423,0.577,0.808
04M146,P.S. 146 Ann M. Short,0.47,0.53,0.89
04M155,P.S. 155 William Paca,0.494,0.506,0.884
04M171,P.S. 171 Patrick Henry,0.505,0.495,0.74
04M182,The Bilingual Bicultural School,0.528,0.472,0.832
04M206,P.S. 206 Jose Celso Barbosa,0.45,0.55,0.819
04M224,M.S. 224 Manhattan East School for Arts & Academic,0.536,0.464,0.691
04M372,Esperanza Preparatory Academy,0.486,0.514,0.86
04M375,Mosaic Preparatory Academy,0.507,0.493,0.9
04M377,Renaissance School of the Arts,0.589,0.411,0.83
04M435,Manhattan Center for Science and Mathematics,0.497,0.503,0.681
04M495,Park East High School,0.51,0.49,0.709
04M497,Central Park East I,0.473,0.527,0.349
04M555,Central Park East High School,0.657,0.343,0.733
04M610,Young Women's Leadership School,1,0,0.725
04M680,"Heritage School, The",0.543,0.457,0.795
04M825,Isaac Newton Middle School for Math & Science,0.386,0.614,0.824
04M964,Central Park East II,0.512,0.488,0.452
05M030,P.S. 030 Hernandez/Hughes,0.509,0.491,0.885
05M036,P.S. 036 Margaret Douglas,0.523,0.477,0.815
05M046,P.S. 046 Arthur Tappan,0.497,0.503,0.894
05M092,P.S. 092 Mary McLeod Bethune,0.455,0.545,0.878
05M123,P.S. 123 Mahalia Jackson,0.486,0.514,0.865
05M125,P.S. 125 Ralph Bunche,0.491,0.509,0.724
05M129,P.S. 129 John H. Finley,0.501,0.499,0.829
05M133,P.S. 133 Fred R Moore,0.487,0.513,0.861
05M148,Eagle Academy for Young Men of Harlem,0,1,0.779
05M154,P.S. 154 Harriet Tubman,0.511,0.489,0.891
05M157,The Urban Assembly School for Global Commerce,0.49,0.51,0.805
05M161,P.S. 161 Pedro Albizu Campos,0.479,0.521,0.864
05M175,P.S. 175 Henry H Garnet,0.5,0.5,0.836
05M194,P.S. 194 Countee Cullen,0.463,0.537,0.914
05M197,P.S. 197 John B. Russwurm,0.406,0.594,0.87
05M200,P.S. 200- The James Mccune Smith School,0.51,0.49,0.87
05M285,Harlem Renaissance High School,0.606,0.394,0.771
05M286,Urban Assembly Academy for Future Leaders,0.429,0.571,0.858
05M304,Mott Hall High School,0.423,0.577,0.815
05M318,Thurgood Marshall Academy Lower School,0.525,0.475,0.774
05M362,Columbia Secondary School,0.504,0.496,0.493
05M369,Urban Assembly School for the Performing Arts,0.786,0.214,0.785
05M499,Frederick Douglass Academy,0.458,0.542,0.703
05M514,New Design Middle School,0.547,0.453,0.849
05M517,Teachers College Community School,0.515,0.485,0.518
05M670,Thurgood Marshall Academy for Learning and Social,0.532,0.468,0.738
05M692,"High School for Mathematics, Science and Engineeri",0.307,0.693,0.377
06M004,P.S. 004 Duke Ellington,0.467,0.533,0.809
06M005,P.S. 005 Ellen Lurie,0.502,0.498,0.824
06M008,P.S. 008 Luis Belliard,0.498,0.502,0.789
06M018,P.S. 018 Park Terrace,0.453,0.547,0.832
06M028,P.S. 028 Wright Brothers,0.479,0.521,0.884
06M048,P.S. 048 P.O. Michael J. Buczek,0.451,0.549,0.754
06M052,Harold O. Levy School,0.453,0.547,0.79
06M098,P.S. 098 Shorac Kappock,0.479,0.521,0.801
06M103,Dos Puentes Elementary School,0.507,0.493,0.689
06M115,P.S. 115 Alexander Humboldt,0.509,0.491,0.86
06M128,P.S. 128 Audubon,0.501,0.499,0.783
06M132,P.S. 132 Juan Pablo Duarte,0.449,0.551,0.838
06M143,J.H.S. 143 Eleanor Roosevelt,0.385,0.615,0.797
06M152,P.S. 152 Dyckman Valley,0.477,0.523,0.84
06M153,P.S. 153 Adam Clayton Powell,0.51,0.49,0.806
06M173,P.S. 173,0.487,0.513,0.696
06M178,Professor Juan Bosch Public School,0.457,0.543,0.655
06M187,P.S./I.S. 187 Hudson Cliffs,0.493,0.507,0.425
06M189,P.S. 189,0.509,0.491,0.809
06M192,P.S. 192 Jacob H. Schiff,0.459,0.541,0.788
06M209,Hamilton Grange Middle School,0.461,0.539,0.8
06M210,P.S./I.S. 210 - Twenty-first Century Academy for C,0.491,0.509,0.774
06M211,Inwood Early College for Health and Information Te,0.421,0.579,0.782
06M223,The Mott Hall School,0.602,0.398,0.698
06M278,Paula Hedbavny School,0.516,0.484,0.557
06M293,City College Academy of the Arts,0.567,0.433,0.712
06M311,Amistad Dual Language School,0.55,0.45,0.684
06M314,Muscota,0.519,0.481,0.377
06M319,M.S. 319 - Maria Teresa,0.485,0.515,0.82
06M322,Middle School 322,0.47,0.53,0.84
06M324,M.S. 324 - Patria Mirabal,0.49,0.51,0.719
06M328,Community Math & Science Prep,0.345,0.655,0.824
06M346,Community Health Academy of the Heights,0.505,0.495,0.825
06M348,Washington Heights Expeditionary Learning School,0.437,0.563,0.8
06M349,Harbor Heights,0.416,0.584,0.844
06M366,Washington Heights Academy,0.562,0.438,0.747
06M368,Hamilton Heights School,0.449,0.551,0.681
06M423,High School for Excellence and Innovation,0.472,0.528,0.792
06M462,The College Academy,0.39,0.61,0.843
06M463,High School for Media and Communications,0.433,0.567,0.847
06M467,High School for Law and Public Service,0.465,0.535,0.826
06M468,High School for Health Careers and Sciences,0.462,0.538,0.856
06M513,Castle Bridge School,0.518,0.482,0.565
06M528,I.S. 528 Bea Fuller Rodgers School,0.534,0.466,0.826
06M540,A. Philip Randolph Campus High School,0.494,0.506,0.774
06M552,Gregorio Luperon High School for Science and Mathe,0.535,0.465,0.944
07X001,P.S. 001 Courtlandt School,0.494,0.506,0.888
07X005,P.S. 5 Port Morris,0.497,0.503,0.904
07X018,P.S. 018 John Peter Zenger,0.468,0.532,0.909
07X025,P.S. 025 Bilingual School,0.457,0.543,0.833
07X029,P.S./M.S. 029 Melrose School,0.471,0.529,0.872
07X030,P.S. 030 Wilton,0.517,0.483,0.903
07X031,P.S./M.S. 031 The William Lloyd Garrison,0.469,0.531,0.858
07X043,P.S. 043 Jonas Bronck,0.513,0.487,0.891
07X049,P.S. 049 Willis Avenue,0.493,0.507,0.904
07X065,P.S. 065 Mother Hale Academy,0.5,0.5,0.952
07X151,J.H.S. 151 Lou Gehrig,0.49,0.51,0.886
07X154,P.S. 154 Jonathan D. Hyatt,0.445,0.555,0.916
07X157,P.S. 157 Grove Hill,0.493,0.507,0.857
07X161,P.S. 161 Juan Ponce De Leon School,0.465,0.535,0.874
07X179,P.S. 179,0.475,0.525,0.89
07X221,South Bronx Preparatory: A College Board School,0.505,0.495,0.877
07X223,The Laboratory School of Finance and Technology: X,0.491,0.509,0.854
07X224,P.S./I.S. 224,0.477,0.523,0.914
07X259,"H.E.R.O. High (Health, Education, and Research Occ",0.711,0.289,0.79
07X277,P.S. 277,0.493,0.507,0.913
07X296,South Bronx Academy for Applied Media,0.452,0.548,0.901
07X298,Academy of Public Relations,0.455,0.545,0.881
07X334,International Community High School,0.432,0.568,0.947
07X343,Academy of Applied Mathematics and Technology,0.487,0.513,0.878
07X359,Concourse Village Elementary School,0.455,0.545,0.829
07X369,Young Leaders Elementary School,0.474,0.526,0.911
07X379,Jill Chaifetz Transfer High School,0.588,0.412,0.761
07X381,Bronx Haven High School,0.481,0.519,0.785
07X427,Community School for Social Justice,0.537,0.463,0.848
07X473,Mott Haven Village Preparatory High School,0.426,0.574,0.831
07X495,University Heights Secondary School,0.544,0.456,0.789
07X500,Hostos-Lincoln Academy of Science,0.521,0.479,0.809
07X522,Bronx Design and Construction Academy,0.196,0.804,0.8
07X527,Bronx Leadership Academy II High School,0.423,0.577,0.83
07X533,Learning through Play Pre-K Center,0.483,0.517,0.759
07X548,Careers in Sports High School,0.155,0.845,0.822
07X551,The Urban Assembly Bronx Academy of Letters,0.523,0.477,0.876
07X557,Mott Haven Community High School,0.488,0.512,0.764
07X600,Alfred E. Smith Career and Technical Education Hig,0.096,0.904,0.805
07X670,Health Opportunities High School,0.614,0.386,0.833
08X014,P.S. X014 Senator John Calandra,0.476,0.524,0.433
08X036,P.S. 036 Unionport,0.456,0.544,0.726
08X048,P.S. 048 Joseph R. Drake,0.471,0.529,0.903
08X062,P.S. 062 Inocensio Casanova,0.433,0.567,0.877
08X069,P.S. 069 Journey Prep School,0.498,0.502,0.728
08X071,P.S. 071 Rose E. Scala,0.487,0.513,0.485
08X072,P.S. 072 Dr. William Dorney,0.485,0.515,0.749
08X075,P.S. 75 School of Research and Discovery,0.47,0.53,0.882
08X093,P.S. 093 Albert G. Oliver,0.482,0.518,0.645
08X100,P.S. 100 Isaac Clason,0.482,0.518,0.851
08X101,M.S. X101 Edward R. Byrne,0.5,0.5,0.461
08X107,P.S. 107,0.498,0.502,0.917
08X119,The Dr. Emmett W. Bassett School,0.507,0.493,0.777
08X123,J.H.S. 123 James M. Kieran,0.522,0.478,0.876
08X130,P.S. 130 Abram Stevens Hewitt,0.463,0.537,0.863
08X131,J.H.S. 131 Albert Einstein,0.481,0.519,0.814
08X138,P.S. 138 Samuel Randall,0.528,0.472,0.832
08X140,P.S. X140 The Eagle School,0.479,0.521,0.868
08X146,P.S. 146 Edward Collins,0.496,0.504,0.847
08X152,P.S. 152 Evergreen,0.492,0.508,0.886
08X182,P.S. 182,0.5,0.5,0.711
08X269,Bronx Studio School for Writers and Artists,0.534,0.466,0.854
08X282,Women's Academy of Excellence,1,0,0.774
08X293,Renaissance High School for Musical Theater and th,0.573,0.427,0.708
08X301,M.S. 301 Paul L. Dunbar,0.505,0.495,0.839
08X302,M.S. 302 Luisa Dessus Cruz,0.489,0.511,0.891
08X304,P.S. 304 Early Childhood School,0.491,0.509,0.37
08X312,Millennium Art Academy,0.536,0.464,0.783
08X320,Pelham Lab High School,0.428,0.572,0.747
08X333,The Longwood Academy of Discovery,0.455,0.545,0.912
08X337,The School for Inquiry and Social Justice,0.493,0.507,0.783
08X348,Schuylerville Preparatory High School,0.475,0.525,0.726
08X349,Bronx River High School,0.483,0.517,0.761
08X367,"Archimedes Academy for Math, Science and Technolog",0.394,0.606,0.712
08X371,Urban Institute of Mathematics,0.472,0.528,0.532
08X375,The Bronx Mathematics Preparatory School,0.426,0.574,0.842
08X376,Antonia Pantoja Preparatory Academy: A College Boa,0.516,0.484,0.777
08X377,Bronx Community High School,0.585,0.415,0.757
08X392,Bronx Delta School,0.477,0.523,0.532
08X405,Herbert H. Lehman High School,0.362,0.638,0.703
08X424,The Hunts Point School,0.472,0.528,0.907
08X432,Bronx Bridges High School,0.413,0.587,0.937
08X448,Soundview Academy for Culture and Scholarship,0.577,0.423,0.79
08X452,Gotham Collaborative High School,0.45,0.55,0.813
08X467,Mott Hall Community School,0.47,0.53,0.585
08X530,Longwood Preparatory Academy,0.427,0.573,0.875
08X537,Bronx Arena High School,0.488,0.512,0.761
08X558,Westchester Square Academy,0.478,0.522,0.67
08X559,School for Tourism and Hospitality,0.643,0.357,0.849
08X561,Bronx Compass High School,0.33,0.67,0.78
08X562,Blueprint Middle School,0.512,0.488,0.768
09X004,P.S./M.S. 004 Crotona Park West,0.464,0.536,0.902
09X011,P.S. 011 Highbridge,0.476,0.524,0.923
09X022,J.H.S. 022 Jordan L. Mott,0.447,0.553,0.887
09X028,P.S. 028 Mount Hope,0.431,0.569,0.902
09X035,P.S. 035 Franz Siegel,0.463,0.537,0.803
09X042,P.S. 042 Claremont,0.506,0.494,0.916
09X053,P.S. 053 Basheer Quisim,0.483,0.517,0.897
09X055,P.S. 055 Benjamin Franklin,0.494,0.506,0.928
09X058,P.S. 058,0.485,0.515,0.886
09X063,P.S. 063 Author's Academy,0.528,0.472,0.876
09X070,P.S. 070 Max Schoenfeld,0.497,0.503,0.901
09X073,P.S. 073 Bronx,0.462,0.538,0.891
09X088,P.S. X088 - S. Silverstein Little Sparrow School,0.596,0.404,0.895
09X109,P.S. 109 Sedgwick,0.477,0.523,0.845
09X110,P.S. 110 Theodore Schoenfeld,0.494,0.506,0.908
09X114,P.S. X114 - Luis Llorens Torres Schools,0.467,0.533,0.889
09X117,I.S. 117 Joseph H. Wade,0.442,0.558,0.897
09X126,P.S. 126 Dr Marjorie H Dunbar,0.533,0.467,0.895
09X128,Mott Hall III,0.574,0.426,0.859
09X132,P.S. 132 Garret A. Morgan,0.486,0.514,0.913
09X163,P.S. 163 Arthur A. Schomburg,0.495,0.505,0.925
09X170,P.S. 170,0.461,0.539,0.845
09X199,P.S. 199X - The Shakespeare School,0.469,0.531,0.899
09X204,P.S. 204 Morris Heights,0.492,0.508,0.86
09X215,Kappa,0.546,0.454,0.838
09X218,P.S./I.S. 218 Rafael Hernandez Dual Language Magne,0.501,0.499,0.877
09X219,I.S. 219 New Venture School,0.468,0.532,0.929
09X227,Bronx Collegiate Academy,0.461,0.539,0.865
09X229,I.S. 229 Roland Patterson,0.489,0.511,0.888
09X231,Eagle Academy for Young Men,0,1,0.713
09X232,I.S. 232,0.481,0.519,0.865
09X236,P.S. 236 Langston Hughes,0.505,0.495,0.892
09X241,Urban Assembly School for Applied Math and Science,0.477,0.523,0.835
09X250,Eximius College Preparatory Academy: A College Boa,0.498,0.502,0.805
09X252,Mott Hall Bronx High School,0.481,0.519,0.841
09X260,Bronx Center for Science and Mathematics,0.535,0.465,0.787
09X263,Validus Preparatory Academy,0.556,0.444,0.832
09X274,The New American Academy at Roberto Clemente State,0.51,0.49,0.922
09X294,The Walton Avenue School,0.482,0.518,0.901
09X297,Morris Academy for Collaborative Studies,0.476,0.524,0.84
09X303,I.S. X303 Leadership & Community Service,0.505,0.495,0.874
09X311,Lucero Elementary School,0.47,0.53,0.916
09X313,I.S. 313 School of Leadership Development,0.472,0.528,0.884
09X323,Bronx Writing Academy,0.56,0.44,0.895
09X324,Bronx Early College Academy for Teaching & Learnin,0.5,0.5,0.814
09X327,Comprehensive Model School Project M.S. 327,0.493,0.507,0.849
09X328,New Millennium Business Academy Middle School,0.487,0.513,0.914
09X329,DreamYard Preparatory School,0.592,0.408,0.869
09X339,I.S. 339,0.409,0.591,0.9
09X350,New Directions Secondary School,0.451,0.549,0.891
09X361,The Highbridge Green School,0.49,0.51,0.867
09X365,Academy for Language and Technology,0.418,0.582,0.952
09X403,Bronx International High School,0.51,0.49,0.956
09X404,School for Excellence,0.457,0.543,0.89
09X412,Bronx High School of Business,0.434,0.566,0.866
09X413,Bronx High School for Medical Science,0.534,0.466,0.833
09X443,The Family School,0.531,0.469,0.879
09X449,Grant Avenue Elementary School,0.48,0.52,0.867
09X454,Science and Technology Academy: A Mott Hall School,0.398,0.602,0.841
09X457,Sheridan Academy for Young Leaders,0.511,0.489,0.899
09X505,"Bronx School for Law, Government and Justice",0.549,0.451,0.811
09X517,Frederick Douglass Academy III Secondary School,0.455,0.545,0.891
09X525,Bronx Leadership Academy High School,0.485,0.515,0.841
09X543,High School for Violin and Dance,0.81,0.19,0.862
09X555,Mount Eden Children's Academy,0.508,0.492,0.795
09X564,Claremont International HS,0.49,0.51,0.982
09X568,Young Women's Leadership School of the Bronx,1,0,0.781
09X582,Garden of Learning and Discovery Pre-K Center,0.613,0.387,0.675
10X003,P.S. 3 Raul Julia Micro Society,0.555,0.445,0.872
10X007,Milton Fein School,0.498,0.502,0.723
10X008,P.S. 008 Isaac Varian,0.48,0.52,0.791
10X009,P.S. 9 Ryer Avenue Elementary School,0.476,0.524,0.907
10X015,P.S. X015 Institute for Environmental Learning,0.499,0.501,0.833
10X020,"PS/MS 20 P.O.George J. Werdann, III",0.476,0.524,0.786
10X023,P.S. 023 The New Children's School,0.493,0.507,0.912
10X024,P.S. 024 Spuyten Duyvil,0.489,0.511,0.221
10X032,P.S. 032 Belmont,0.531,0.469,0.894
10X033,P.S. 033 Timothy Dwight,0.46,0.54,0.881
10X037,P.S. X037 - Multiple Intelligence School,0.463,0.537,0.772
10X045,Thomas C. Giordano Middle School 45,0.521,0.479,0.872
10X046,P.S. 046 Edgar Allan Poe,0.477,0.523,0.91
10X051,P.S. 051 Bronx New School,0.513,0.487,0.718
10X054,P.S./I.S. 54,0.502,0.498,0.88
10X056,P.S. 056 Norwood Heights,0.489,0.511,0.834
10X059,P.S. 059 The Community School of Technology,0.509,0.491,0.933
10X077,Bedford Park Elementary School,0.487,0.513,0.791
10X080,J.H.S. 080 The Mosholu Parkway,0.48,0.52,0.818
10X081,P.S. 081 Robert J. Christen,0.476,0.524,0.32
10X085,P.S. 085 Great Expectations,0.482,0.518,0.911
10X086,P.S. 086 Kingsbridge Heights,0.499,0.501,0.868
10X091,P.S. 091 Bronx,0.492,0.508,0.888
10X094,P.S. 094 Kings College School,0.49,0.51,0.829
10X095,P.S. 095 Sheila Mencher,0.477,0.523,0.773
10X118,J.H.S. 118 William W. Niles,0.504,0.496,0.832
10X141,Riverdale / Kingsbridge Academy (Middle School / H,0.479,0.521,0.408
10X159,P.S. 159 Luis Munoz Marin Biling,0.493,0.507,0.865
10X205,P.S. 205 Fiorello LaGuardia,0.519,0.481,0.891
10X206,I.S. 206 Ann Mersereau,0.473,0.527,0.896
10X207,P.S. 207,0.456,0.544,0.768
10X209,P.S. 209,0.535,0.465,0.874
10X213,Bronx Engineering and Technology Academy,0.141,0.859,0.768
10X225,Theatre Arts Production Company School,0.675,0.325,0.797
10X226,P.S. 226,0.461,0.539,0.884
10X228,Jonas Bronck Academy,0.538,0.462,0.774
10X237,"The Marie Curie School for Medicine, Nursing, and",0.811,0.189,0.763
10X243,West Bronx Academy for the Future,0.451,0.549,0.835
10X244,The New School for Leadership and Journalism,0.487,0.513,0.838
10X246,P.S. 246 Poe Center,0.453,0.547,0.893
10X254,I.S. 254,0.446,0.554,0.87
10X264,Bronx Academy for Software Engineering (BASE),0.18,0.82,0.678
10X268,Kingsbridge International High School,0.515,0.485,0.96
10X279,"P.S. 279 Captain Manuel Rivera, Jr.",0.489,0.511,0.917
10X280,P.S./M.S. 280 Mosholu Parkway,0.465,0.535,0.826
10X284,Bronx School of Law and Finance,0.444,0.556,0.82
10X291,P.S. 291,0.489,0.511,0.921
10X306,P.S. 306,0.509,0.491,0.899
10X307,Luisa Pineiro Fuentes School of Science and Discov,0.511,0.489,0.804
10X308,Bronx Dance Academy School,0.769,0.231,0.799
10X310,P.S. 310 Marble Hill,0.495,0.505,0.861
10X315,P.S. 315 Lab School,0.482,0.518,0.854
10X319,Providing Urban Learners Success In Education High,0.489,0.511,0.801
10X331,The Bronx School of Young Leaders,0.475,0.525,0.906
10X340,P.S. 340,0.453,0.547,0.886
10X342,International School for Liberal Arts,0.473,0.527,0.899
10X344,Ampark Neighborhood,0.49,0.51,0.395
10X351,Bronx Collaborative High School,0.459,0.541,0.843
10X353,World View High School,0.488,0.512,0.813
10X360,P.S. 360,0.483,0.517,0.762
10X363,Academy For Personal Leadership And Excellence,0.462,0.538,0.892
10X368,In-Tech Academy (M.S. / High School 368),0.493,0.507,0.732
10X374,Knowledge and Power Preparatory Academy Internatio,0.561,0.439,0.761
10X382,"Elementary School for Math, Science, and Technolog",0.513,0.487,0.899
10X386,School for Environmental Citizenship,0.506,0.494,0.922
10X390,M.S. 390,0.462,0.538,0.901
10X391,The Angelo Patri Middle School,0.453,0.547,0.901
10X396,P.S. 396,0.448,0.552,0.896
10X397,English Language Learners and International Suppor,0.408,0.592,0.959
10X433,High School for Teaching and the Professions,0.571,0.429,0.834
10X434,Belmont Preparatory High School,0.544,0.456,0.742
10X437,Fordham High School for the Arts,0.707,0.293,0.736
10X438,Fordham Leadership Academy,0.378,0.622,0.859
10X439,Bronx High School for Law and Community Service,0.531,0.469,0.842
10X440,DeWitt Clinton High School,0.447,0.553,0.771
10X442,"Celia Cruz Bronx High School of Music, The",0.645,0.355,0.733
10X445,The Bronx High School of Science,0.43,0.57,0.291
10X447,Creston Academy,0.537,0.463,0.918
10X459,East Fordham Academy for the Arts,0.529,0.471,0.872
10X477,Marble Hill High School for International Studies,0.508,0.492,0.808
10X524,Crotona International High School,0.467,0.533,0.968
10X535,Rose Hill Pre-K Center,0.456,0.544,0.816
10X546,Bronx Theatre High School,0.697,0.303,0.829
10X549,Discovery High School,0.394,0.606,0.801
10X565,High School for Energy and Technology,0.16,0.84,0.821
10X696,High School of American Studies at Lehman College,0.474,0.526,0.225
11X016,P.S. 016 Wakefield,0.486,0.514,0.732
11X019,P.S. 019 Judith K. Weiss,0.508,0.492,0.322
11X021,P.S. 021 Philip H. Sheridan,0.454,0.546,0.796
11X041,P.S. 041 Gun Hill Road,0.489,0.511,0.86
11X068,P.S. 068 Bronx,0.492,0.508,0.591
11X076,P.S. 076 The Bennington School,0.482,0.518,0.703
11X078,P.S. 078 Anne Hutchinson,0.473,0.527,0.705
11X083,P.S. 083 Donald Hertz,0.504,0.496,0.583
11X087,P.S. 087 Bronx,0.472,0.528,0.631
11X089,P.S. 089 Bronx,0.482,0.518,0.697
11X096,P.S. 096 Richard Rodgers,0.502,0.498,0.77
11X097,P.S. 097 Bronx,0.523,0.477,0.505
11X103,P.S. 103 Hector Fontanez,0.479,0.521,0.788
11X105,P.S. 105 Sen Abraham Bernstein,0.494,0.506,0.779
11X106,P.S. 106 Parkchester,0.479,0.521,0.66
11X108,P.S. 108 Philip J. Abinanti,0.506,0.494,0.508
11X111,P.S. 111 Seton Falls,0.499,0.501,0.751
11X112,P.S. 112 Bronxwood,0.535,0.465,0.89
11X121,P.S. 121 Throop,0.509,0.491,0.63
11X127,J.H.S. 127 The Castle Hill,0.45,0.55,0.706
11X144,J.H.S. 144 Michelangelo,0.484,0.516,0.667
11X153,P.S. 153 Helen Keller,0.482,0.518,0.418
11X160,P.S. 160 Walt Disney,0.454,0.546,0.459
11X169,Baychester Academy,0.5,0.5,0.659
11X175,P.S. 175 City Island,0.495,0.505,0.222
11X178,P.S. 178 - Dr. Selman Waksman,0.482,0.518,0.478
11X180,M.S. 180 Dr. Daniel Hale Williams,0.555,0.445,0.49
11X181,I.S. 181 Pablo Casals,0.488,0.512,0.503
11X189,Cornerstone Academy for Social Action,0.484,0.516,0.749
11X194,P.S./M.S. 194,0.492,0.508,0.741
11X249,Bronx Health Sciences High School,0.532,0.468,0.63
11X253,Bronx High School for Writing and Communication Ar,0.501,0.499,0.707
11X265,Bronx Lab School,0.433,0.567,0.763
11X270,Academy for Scholarship and Entrepreneurship: A Co,0.475,0.525,0.698
11X275,High School of Computers and Technology,0.147,0.853,0.746
11X287,North Bronx School of Empowerment,0.532,0.468,0.735
11X288,Collegiate Institute for Math and Science,0.442,0.558,0.64
11X290,Bronx Academy of Health Careers,0.656,0.344,0.78
11X299,Astor Collegiate Academy,0.449,0.551,0.635
11X326,Bronx Green Middle School,0.481,0.519,0.751
11X355,Bronx Alliance Middle School,0.413,0.587,0.714
11X357,Young Voices Academy of the Bronx,0.449,0.551,0.681
11X370,Leaders of Tomorrow,0.47,0.53,0.758
11X418,Bronx High School for the Visual Arts,0.496,0.504,0.692
11X455,Harry S Truman High School,0.411,0.589,0.65
11X462,Cornerstone Academy for Social Action Middle Schoo,0.55,0.45,0.654
11X468,Pelham Academy of Academics and Community Engageme,0.509,0.491,0.716
11X481,The STEAM Bridge School,0.343,0.657,0.748
11X483,The Matilda Avenue School,0.395,0.605,0.615
11X498,P.S./M.S. 11X498 - VAN NEST ACADEMY,0.502,0.498,0.661
11X508,Bronxdale High School,0.463,0.537,0.715
11X509,High School of Language and Innovation,0.499,0.501,0.94
11X513,New World High School,0.551,0.449,0.915
11X514,The Bronxwood Preparatory Academy,0.463,0.537,0.648
11X529,One World Middle School at Edenwald,0.506,0.494,0.695
11X532,Baychester Middle School,0.445,0.555,0.676
11X534,District 11 Pre-K Center,0.442,0.558,0.543
11X542,Pelham Preparatory Academy,0.524,0.476,0.598
11X544,High School for Contemporary Arts,0.447,0.553,0.792
11X545,Bronx Aerospace High School,0.223,0.777,0.749
11X556,Bronx Park Middle School,0.475,0.525,0.769
11X566,Pelham Gardens Middle School,0.52,0.48,0.639
11X567,Linden Tree Elementary School,0.54,0.46,0.689
12X006,P.S. 006 West Farms,0.5,0.5,0.914
12X044,P.S. 044 David C. Farragut,0.519,0.481,0.915
12X047,P.S. 047 John Randolph,0.504,0.496,0.818
12X057,P.S. 057 Crescent,0.497,0.503,0.885
12X061,P.S. 061 Francisco Oller,0.45,0.55,0.887
12X066,P.S. 066 School of Higher Expectations,0.508,0.492,0.87
12X067,P.S. 067 Mohegan School,0.464,0.536,0.904
12X098,J.H.S. 098 Herman Ridder,0.588,0.412,0.851
12X129,M.S. 129 Academy for Independent Learning and Lead,0.484,0.516,0.889
12X134,P.S. 134 George F. Bristow,0.482,0.518,0.883
12X150,P.S. 150 Charles James Fox,0.474,0.526,0.87
12X190,E.S.M.T- I.S. 190,0.498,0.502,0.852
12X195,P.S. 195,0.506,0.494,0.902
12X196,P.S. 196,0.487,0.513,0.85
12X211,P.S. 211,0.529,0.471,0.88
12X212,P.S. 212,0.493,0.507,0.867
12X214,P.S. 214,0.486,0.514,0.854
12X217,School of Performing Arts,0.572,0.428,0.869
12X242,Mott Hall V,0.477,0.523,0.793
12X248,"Metropolitan High School, The",0.437,0.563,0.82
12X251,Explorations Academy H.S.,0.435,0.565,0.816
12X267,Bronx Latin,0.429,0.571,0.843
12X271,East Bronx Academy for the Future,0.487,0.513,0.869
12X273,Frederick Douglass Academy V. Middle School,0.441,0.559,0.82
12X286,Fannie Lou Hamer Middle School,0.468,0.532,0.845
12X300,The School of Science and Applied Learning,0.48,0.52,0.891
12X314,Fairmont Neighborhood School,0.532,0.468,0.846
12X316,Kappa III,0.501,0.499,0.845
12X318,"I.S. X318 Math, Science & Technology Through Arts",0.437,0.563,0.89
12X341,Accion Academy,0.481,0.519,0.87
12X383,Emolior Academy,0.498,0.502,0.853
12X388,Pan American International High School at Monroe,0.467,0.533,0.976
12X446,Arturo A. Schomburg Satellite Academy Bronx,0.63,0.37,0.767
12X458,Samara Community School,0.544,0.456,0.839
12X463,Urban Scholars Community School,0.503,0.497,0.902
12X478,The Cinema School,0.619,0.381,0.736
12X479,Bronx Career and College Preparatory High School,0.526,0.474,0.838
12X480,Bronx Regional High School,0.598,0.402,0.765
12X511,Bronx Envision Academy,0.563,0.437,0.813
12X521,The Metropolitan Soundview High School,0.485,0.515,0.822
12X531,Archer Elementary School,0.503,0.497,0.856
12X536,P.S. 536,0.505,0.495,0.852
12X550,High School of World Cultures,0.477,0.523,0.972
12X682,Fannie Lou Hamer Freedom High School,0.453,0.547,0.833
12X684,Wings Academy,0.372,0.628,0.824
12X691,Bronx Little School,0.488,0.512,0.811
13K003,P.S. 003 The Bedford Village,0.504,0.496,0.782
13K008,P.S. 008 Robert Fulton,0.497,0.503,0.168
13K009,P.S. 009 Teunis G. Bergen,0.488,0.512,0.352
13K011,P.S. 011 Purvis J. Behan,0.51,0.49,0.442
13K020,P.S. 020 Clinton Hill,0.526,0.474,0.553
13K044,P.S. 044 Marcus Garvey,0.502,0.498,0.853
13K046,P.S. 046 Edward C. Blum,0.51,0.49,0.83
13K054,P.S. 054 Samuel C. Barnes,0.494,0.506,0.768
13K056,P.S. 056 Lewis H. Latimer,0.49,0.51,0.683
13K067,P.S. 067 Charles A. Dorsey,0.447,0.553,0.935
13K093,P.S. 093 William H. Prescott,0.475,0.525,0.823
13K113,M.S. 113 Ronald Edmonds Learning Center,0.43,0.57,0.778
13K133,P.S. 133 William A. Butler,0.494,0.506,0.378
13K256,P.S. 256 Benjamin Banneker,0.485,0.515,0.853
13K265,Dr. Susan S. McKinney Secondary School of the Arts,0.602,0.398,0.773
13K266,M.S. K266 - Park Place Community Middle School,0.492,0.508,0.715
13K270,P.S. 270 Johann DeKalb,0.475,0.525,0.858
13K282,P.S. 282 Park Slope,0.504,0.496,0.538
13K287,P.S. 287 Bailey K. Ashford,0.465,0.535,0.862
13K301,Satellite East Middle School,0.417,0.583,0.811
13K305,P.S. 305 Dr. Peter Ray,0.489,0.511,0.85
13K307,P.S. 307 Daniel Hale Williams,0.447,0.553,0.78
13K313,Dock Street School for STEAM Studies,0.351,0.649,0.832
13K350,Urban Assembly School for Music and Art,0.7,0.3,0.72
13K351,The Urban Assembly Unison School,0.426,0.574,0.785
13K412,Brooklyn Community Arts & Media High School (BCAM),0.575,0.425,0.754
13K419,"Science Skills Center High School for Science, Tec",0.452,0.548,0.651
13K430,Brooklyn Technical High School,0.413,0.587,0.423
13K439,Brooklyn International High School,0.503,0.497,0.929
13K483,The Urban Assembly School for Law and Justice,0.551,0.449,0.584
13K492,Academy of Arts and Letters,0.544,0.456,0.348
13K499,ACORN Community High School,0.45,0.55,0.738
13K527,Urban Assembly Institute of Math and Science for Y,1,0,0.679
13K553,Brooklyn Academy High School,0.479,0.521,0.689
13K595,Bedford Academy High School,0.507,0.493,0.51
13K605,George Westinghouse Career and Technical Education,0.276,0.724,0.689
13K616,Brooklyn High School for Leadership and Community,0.522,0.478,0.726
13K670,Benjamin Banneker Academy,0.562,0.438,0.548
13K674,"City Polytechnic High School of Engineering, Archi",0.233,0.767,0.529
13K691,Fort Greene Preparatory Academy,0.423,0.577,0.696
14K016,P.S. 016 Leonard Dunkly,0.529,0.471,0.907
14K017,P.S. 017 Henry D. Woodworth,0.534,0.466,0.63
14K018,P.S. 018 Edward Bush,0.432,0.568,0.793
14K023,P.S. 023 Carter G. Woodson,0.444,0.556,0.886
14K031,P.S. 031 Samuel F. Dupont,0.486,0.514,0.423
14K034,P.S. 034 Oliver H. Perry,0.484,0.516,0.325
14K050,J.H.S. 050 John D. Wells,0.439,0.561,0.802
14K059,P.S. 059 William Floyd,0.494,0.506,0.893
14K071,Juan Morel Campos Secondary School,0.461,0.539,0.857
14K084,P.S. 084 Jose De Diego,0.502,0.498,0.493
14K110,P.S. 110 The Monitor,0.492,0.508,0.286
14K120,P.S. 120 Carlos Tapia,0.515,0.485,0.85
14K126,John Ericsson Middle School 126,0.379,0.621,0.744
14K132,P.S. 132 The Conselyea School,0.489,0.511,0.475
14K147,P.S. 147 Isaac Remsen,0.572,0.428,0.729
14K157,P.S./I.S. 157 The Benjamin Franklin Health & Scien,0.487,0.513,0.826
14K196,P.S. 196 Ten Eyck,0.429,0.571,0.832
14K250,P.S. 250 George H. Lindsay,0.493,0.507,0.757
14K257,P.S. 257 John F. Hylan,0.527,0.473,0.786
14K297,P.S. 297 Abraham Stockton,0.422,0.578,0.937
14K318,I.S. 318 Eugenio Maria De Hostos,0.496,0.504,0.654
14K319,P.S. 319,0.521,0.479,0.741
14K380,P.S. 380 John Wayne Elementary,0.531,0.469,0.793
14K414,Brooklyn Arbor Elementary School,0.472,0.528,0.579
14K449,"Brooklyn Latin School, The",0.455,0.545,0.434
14K454,The Williamsburg High School of Art and Technology,0.471,0.529,0.842
14K474,PROGRESS High School for Professional Careers,0.459,0.541,0.771
14K477,East Williamsburg Scholars Academy,0.462,0.538,0.812
14K478,"The High School for Enterprise, Business and Techn",0.312,0.688,0.725
14K488,Brooklyn Preparatory High School,0.524,0.476,0.638
14K558,Williamsburg High School for Architecture and Desi,0.248,0.752,0.683
14K561,Williamsburg Preparatory School,0.484,0.516,0.658
14K577,Conselyea Preparatory School,0.577,0.423,0.495
14K582,M.S. 582,0.52,0.48,0.78
14K586,Lyons Community School,0.467,0.533,0.845
14K610,Automotive High School,0.056,0.944,0.709
14K614,Young Women's Leadership School of Brooklyn,0.997,0.003,0.71
14K685,El Puente Academy for Peace and Justice,0.549,0.451,0.78
15K001,P.S. 001 The Bergen,0.511,0.489,0.786
15K010,"Magnet School of Math, Science and Design Technolo",0.51,0.49,0.301
15K015,P.S. 015 Patrick F. Daly,0.516,0.484,0.756
15K024,P.S. 024,0.509,0.491,0.769
15K029,P.S. 029 John M. Harrigan,0.515,0.485,0.085
15K032,P.S. 032 Samuel Mills Sprole,0.439,0.561,0.443
15K038,P.S. 038 The Pacific,0.493,0.507,0.501
15K039,P.S. 039 Henry Bristow,0.455,0.545,0.152
15K051,M.S. 51 William Alexander,0.557,0.443,0.24
15K058,P.S. 058 The Carroll,0.48,0.52,0.125
15K088,J.H.S. 088 Peter Rouget,0.485,0.515,0.686
15K094,P.S. 094 The Henry Longfellow,0.509,0.491,0.817
15K107,P.S. 107 John W. Kimball,0.545,0.455,0.078
15K118,The Maurice Sendak Community School,0.5,0.5,0.112
15K124,P.S. 124 Silas B. Dutcher,0.575,0.425,0.565
15K130,P.S. 130 The Parkside,0.499,0.501,0.454
15K131,P.S. 131 Brooklyn,0.475,0.525,0.772
15K136,I.S. 136 Charles O. Dewey,0.442,0.558,0.772
15K146,"The Brooklyn New School, P.S. 146",0.472,0.528,0.314
15K154,The Windsor Terrace School,0.532,0.468,0.195
15K169,P.S. 169 Sunset Park,0.487,0.513,0.816
15K172,P.S. 172 Beacon School of Excellence,0.486,0.514,0.676
15K230,P.S. 230 Doris L. Cohen,0.472,0.528,0.705
15K261,P.S. 261 Philip Livingston,0.471,0.529,0.376
15K295,P.S. 295,0.474,0.526,0.49
15K321,P.S. 321 William Penn,0.496,0.504,0.077
15K423,Brooklyn Frontiers High School,0.472,0.528,0.733
15K429,Digital Arts and Cinema Technology High School,0.404,0.596,0.743
15K442,M.S. 442 Carroll Gardens School for Innovation,0.313,0.687,0.587
15K443,New Voices School of Academic & Creative Arts,0.667,0.333,0.317
15K447,The Math & Science Exploratory School,0.47,0.53,0.199
15K448,Brooklyn Collaborative Studies,0.508,0.492,0.63
15K462,John Jay School for Law,0.655,0.345,0.65
15K463,Secondary School for Journalism,0.635,0.365,0.696
15K464,Park Slope Collegiate,0.428,0.572,0.601
15K497,The Boerum Hill School for International Studies,0.479,0.521,0.668
15K516,Sunset Park Avenues Elementary School,0.477,0.523,0.764
15K519,Cobble Hill School of American Studies,0.525,0.475,0.707
15K529,West Brooklyn Community High School,0.399,0.601,0.658
15K592,Khalil Gibran International Academy,0.444,0.556,0.765
15K656,Brooklyn High School of the Arts,0.734,0.266,0.578
15K667,Sunset Park High School,0.457,0.543,0.754
15K676,Red Hook Neighborhood School,0.44,0.56,0.899
15K684,Millennium Brooklyn HS,0.547,0.453,0.397
15K698,South Brooklyn Community High School,0.494,0.506,0.729
15K767,The Little Brooklyn Pre-K Center,0.491,0.509,0.509
15K821,Sunset Park Prep,0.47,0.53,0.779
15K839,M.S. 839,0.425,0.575,0.422
15K863,Pre-K Center at Bishop Ford School Site,0.502,0.498,0.203
16K005,P.S. 005 Dr. Ronald Mcnair,0.528,0.472,0.799
16K021,P.S. 021 Crispus Attucks,0.509,0.491,0.757
16K025,P.S. 025 Eubie Blake School,0.479,0.521,0.846
16K026,P.S. 026 Jesse Owens,0.471,0.529,0.844
16K028,P.S. 028 The Warren Prep Academy,0.492,0.508,0.849
16K035,M.S. 035 Stephen Decatur,0.47,0.53,0.772
16K040,P.S. 040 George W. Carver,0.466,0.534,0.845
16K057,J.H.S. 057 Whitelaw Reid,0.456,0.544,0.834
16K081,P.S. 081 Thaddeus Stevens,0.49,0.51,0.867
16K243,P.S. 243K- The Weeksville School,0.533,0.467,0.86
16K262,P.S. 262 El Hajj Malik El Shabazz Elementary Schoo,0.517,0.483,0.803
16K267,"M.S. 267 Math, Science & Technology",0.451,0.549,0.821
16K308,P.S. 308 Clara Cardwell,0.465,0.535,0.818
16K309,P.S. 309 The George E. Wibecan Preparatory Academy,0.498,0.502,0.79
16K335,P.S. 335 Granville T. Woods,0.498,0.502,0.853
16K455,Boys and Girls High School,0.295,0.705,0.782
16K498,Brooklyn High School for Law and Technology,0.386,0.614,0.723
16K627,Brighter Choice Community School,0.491,0.509,0.821
16K628,Brooklyn Brownstone School,0.541,0.459,0.551
16K669,Research and Service High School,0.5,0.5,0.765
16K681,Madiba Prep Middle School,0.434,0.566,0.758
16K688,The Brooklyn Academy of Global Finance,0.421,0.579,0.839
16K765,Nelson Mandela High School,0.434,0.566,0.77
17K002,Parkside Preparatory Academy,0.495,0.505,0.694
17K006,Norma Adams Clemons Academy,0.508,0.492,0.827
17K012,Dr. Jacqueline Peek-Davis School,0.453,0.547,0.837
17K061,M.S. 061 Dr. Gladstone H. Atwell,0.485,0.515,0.696
17K091,P.S. 091 The Albany Avenue School,0.517,0.483,0.748
17K092,P.S. 092 Adrian Hegeman,0.458,0.542,0.749
17K122,Pathways in Technology Early College High School (,0.265,0.735,0.556
17K138,P.S. 138 Brooklyn,0.518,0.482,0.733
17K161,P.S. 161 The Crown,0.46,0.54,0.698
17K181,P.S. 181 Brooklyn,0.478,0.522,0.694
17K189,P.S. 189 The Bilingual Center,0.539,0.461,0.724
17K191,P.S. 191 Paul Robeson,0.511,0.489,0.894
17K221,P.S. 221 Toussaint L'Ouverture,0.454,0.546,0.701
17K241,P.S. 241 Emma L. Johnston,0.529,0.471,0.73
17K246,M.S. 246 Walt Whitman,0.445,0.555,0.726
17K249,P.S. 249 The Caton,0.49,0.51,0.684
17K289,P.S. 289 George V. Brower,0.492,0.508,0.784
17K316,P.S. 316 Elijah Stroud,0.462,0.538,0.632
17K340,I.S. 340,0.586,0.414,0.689
17K352,Ebbets Field Middle School,0.479,0.521,0.747
17K353,Elijah Stroud Middle School,0.418,0.582,0.714
17K354,The School of Integrated Learning,0.391,0.609,0.758
17K375,P.S. 375 Jackie Robinson School,0.46,0.54,0.76
17K382,Academy for College Preparation and Career Explora,0.421,0.579,0.687
17K394,M.S. K394,0.546,0.454,0.785
17K397,P.S. 397 Foster-Laurie,0.478,0.522,0.781
17K398,P.S. 398 Walter Weaver,0.47,0.53,0.835
17K399,P.S. 399 Stanley Eugene Clark,0.505,0.495,0.705
17K408,Academy of Hospitality and Tourism,0.558,0.442,0.716
17K484,Ronald Edmonds Learning Center II,0.44,0.56,0.828
17K524,International High School at Prospect Heights,0.429,0.571,0.931
17K528,The High School for Global Citizenship,0.459,0.541,0.665
17K531,"School for Human Rights, The",0.494,0.506,0.655
17K532,New Bridges Elementary,0.476,0.524,0.806
17K537,High School for Youth and Community Development at,0.371,0.629,0.684
17K539,High School for Service & Learning at Erasmus,0.333,0.667,0.682
17K543,"Science, Technology and Research Early College Hig",0.483,0.517,0.509
17K546,High School for Public Service: Heroes of Tomorrow,0.623,0.377,0.597
17K547,Brooklyn Academy of Science and the Environment,0.375,0.625,0.665
17K548,Brooklyn School for Music & Theatre,0.719,0.281,0.696
17K568,Brownsville Academy High School,0.534,0.466,0.697
17K590,Medgar Evers College Preparatory School,0.558,0.442,0.471
17K600,Clara Barton High School,0.703,0.297,0.627
17K705,Brooklyn Arts and Science Elementary School,0.463,0.537,0.586
17K722,New Heights Middle School,0.467,0.533,0.76
17K745,Brooklyn Institute for Liberal Arts,0.482,0.518,0.652
17K751,Academy for Health Careers,0.699,0.301,0.736
17K770,P.S. 770 New American Academy,0.485,0.515,0.541
18K066,P.S. 66,0.537,0.463,0.521
18K068,I.S. 068 Isaac Bildersee,0.448,0.552,0.595
18K114,P.S. 114 Ryder Elementary,0.481,0.519,0.708
18K115,P.S. 115 Daniel Mucatel School,0.494,0.506,0.531
18K135,P.S. 135 Sheldon A. Brookner,0.517,0.483,0.644
18K208,P.S. 208 Elsa Ebeling,0.488,0.512,0.522
18K211,I.S. 211 John Wilson,0.507,0.493,0.59
18K219,P.S. 219 Kennedy-King,0.494,0.506,0.73
18K233,P.S. 233 Langston Hughes,0.558,0.442,0.604
18K235,P.S. 235 Janice Marie Knight School,0.546,0.454,0.512
18K244,P.S. 244 Richard R. Green,0.52,0.48,0.607
18K268,P.S. 268 Emma Lazarus,0.531,0.469,0.683
18K272,P.S. 272 Curtis Estabrook,0.486,0.514,0.79
18K276,P.S. 276 Louis Marshall,0.452,0.548,0.56
18K279,P.S. 279 Herman Schreiber,0.485,0.515,0.557
18K285,I.S. 285 Meyer Levin,0.494,0.506,0.622
18K366,The Science And Medicine Middle School,0.53,0.47,0.564
18K563,It Takes a Village Academy,0.405,0.595,0.676
18K566,Brooklyn Generation School,0.432,0.568,0.619
18K567,Brooklyn Theatre Arts High School,0.575,0.425,0.692
18K569,Kurt Hahn Expeditionary Learning School,0.415,0.585,0.628
18K576,Victory Collegiate High School,0.381,0.619,0.597
18K578,Brooklyn Bridge Academy,0.479,0.521,0.635
18K581,East Flatbush Community Research School,0.403,0.597,0.655
18K588,Middle School for Art and Philosophy,0.445,0.555,0.731
18K617,High School for Innovation in Advertising and Medi,0.334,0.666,0.602
18K629,Cultural Academy for the Arts and Sciences,0.441,0.559,0.591
18K633,High School for Medical Professions,0.661,0.339,0.616
18K635,Olympus Academy,0.545,0.455,0.621
18K637,Academy for Conservation and the Environment,0.386,0.614,0.666
18K642,Urban Action Academy,0.334,0.666,0.649
18K673,East Brooklyn Community High School,0.481,0.519,0.685
18K763,Brooklyn Science and Engineering Academy,0.342,0.658,0.51
19K007,P.S. 007 Abraham Lincoln,0.501,0.499,0.746
19K013,P.S. 013 Roberto Clemente,0.501,0.499,0.875
19K065,P.S. 065,0.483,0.517,0.803
19K089,P.S. 089 Cypress Hills,0.517,0.483,0.819
19K108,P.S. 108 Sal Abbracciamento,0.497,0.503,0.79
19K149,P.S. 149 Danny Kaye,0.49,0.51,0.848
19K158,P.S. 158 Warwick,0.491,0.509,0.868
19K159,P.S. 159 Isaac Pitkin,0.493,0.507,0.815
19K171,I.S. 171 Abraham Lincoln,0.503,0.497,0.749
19K190,P.S. 190 Sheffield,0.591,0.409,0.784
19K202,P.S. 202 Ernest S. Jenkyns,0.49,0.51,0.865
19K213,P.S. 213 New Lots,0.508,0.492,0.834
19K214,P.S. 214 Michael Friedsam,0.477,0.523,0.759
19K218,J.H.S. 218 James P. Sinnott,0.468,0.532,0.826
19K224,P.S. 224 Hale A. Woodruff,0.499,0.501,0.856
19K273,P.S. 273 Wortman,0.55,0.45,0.818
19K290,P.S. 290 Juan Morel Campos,0.484,0.516,0.799
19K292,J.H.S. 292 Margaret S. Douglas,0.47,0.53,0.836
19K306,P.S. 306 Ethan Allen,0.47,0.53,0.888
19K325,The Fresh Creek School,0.559,0.441,0.846
19K328,P.S. 328 Phyllis Wheatley,0.472,0.528,0.929
19K345,P.S. 345 Patrolman Robert Bolden,0.472,0.528,0.816
19K346,P.S. 346 Abe Stark,0.487,0.513,0.666
19K364,I.S. 364 Gateway,0.46,0.54,0.686
19K404,Academy for Young Writers,0.634,0.366,0.698
19K409,East New York Family Academy,0.501,0.499,0.717
19K422,Spring Creek Community School,0.474,0.526,0.73
19K452,Frederick Douglass Academy VIII Middle School,0.584,0.416,0.64
19K502,FDNY - Captain Vernon A. Richard High School for F,0.24,0.76,0.755
19K504,High School for Civil Rights,0.399,0.601,0.764
19K507,Performing Arts and Technology High School,0.571,0.429,0.775
19K510,World Academy for Total Community Health High Scho,0.598,0.402,0.76
19K557,Brooklyn Gardens Elementary School,0.481,0.519,0.927
19K583,Multicultural High School,0.5,0.5,0.979
19K615,Transit Tech Career and Technical Education High S,0.146,0.854,0.708
19K618,Academy of Innovative Technology,0.177,0.823,0.707
19K639,Brooklyn Lab School,0.379,0.621,0.796
19K654,Van Siclen Community Middle School,0.417,0.583,0.786
19K659,Cypress Hills Collegiate Preparatory School,0.461,0.539,0.781
19K660,W. H. Maxwell Career and Technical Education High,0.701,0.299,0.778
19K661,Vista Academy,0.482,0.518,0.774
19K662,Liberty Avenue Middle School,0.466,0.534,0.804
19K663,School of the Future Brooklyn,0.484,0.516,0.877
19K677,East New York Elementary School of Excellence,0.463,0.537,0.811
19K678,East New York Middle School of Excellence,0.546,0.454,0.84
19K683,School for Classics High School,0.607,0.393,0.752
19K760,Highland Park Community School,0.433,0.567,0.76
19K764,The Urban Assembly School for Collaborative Health,0.682,0.318,0.739
20K030,P.S./I.S. 30 Mary White Ovington,0.531,0.469,0.633
20K048,P.S. 048 Mapleton,0.481,0.519,0.669
20K062,J.H.S. 062 Ditmas,0.508,0.492,0.711
20K069,P.S. 69 Vincent D. Grippo School,0.491,0.509,0.768
20K102,P.S. 102 The Bayview,0.494,0.506,0.521
20K104,P.S./I.S. 104 The Fort Hamilton School,0.469,0.531,0.487
20K105,P.S. 105 The Blythebourne,0.484,0.516,0.719
20K112,P.S. 112 Lefferts Park,0.461,0.539,0.663
20K127,P.S. 127 Mckinley Park,0.452,0.548,0.534
20K160,P.S. 160 William T. Sampson,0.482,0.518,0.762
20K163,P.S. 163 Bath Beach,0.463,0.537,0.632
20K164,P.S. 164 Caesar Rodney,0.492,0.508,0.837
20K170,Ralph A. Fabrizio School,0.459,0.541,0.709
20K176,P.S. 176 Ovington,0.488,0.512,0.67
20K179,P.S. 179 Kensington,0.492,0.508,0.801
20K180,The SEEALL Academy,0.447,0.553,0.699
20K185,P.S. 185 Walter Kassenbrock,0.481,0.519,0.317
20K186,P.S. 186 Dr. Irving A Gladstone,0.502,0.498,0.625
20K187,The Christa McAuliffe School\I.S. 187,0.509,0.491,0.463
20K192,P.S. 192 - The Magnet School for Math and Science,0.514,0.486,0.749
20K200,P.S. 200 Benson School,0.479,0.521,0.621
20K201,J.H.S. 201 The Dyker Heights,0.465,0.535,0.521
20K204,P.S. 204 Vince Lombardi,0.502,0.498,0.507
20K205,P.S. 205 Clarion,0.487,0.513,0.637
20K220,J.H.S. 220 John J. Pershing,0.479,0.521,0.797
20K223,J.H.S. 223 The Montauk,0.458,0.542,0.749
20K227,J.H.S. 227 Edward B. Shallow,0.475,0.525,0.698
20K229,P.S. 229 Dyker,0.485,0.515,0.365
20K247,P.S. 247 Brooklyn,0.49,0.51,0.586
20K259,J.H.S. 259 William Mckinley,0.472,0.528,0.606
20K264,P.S. 264 Bay Ridge Elementary School For The Arts,0.492,0.508,0.549
20K310,The School For Future Leaders,0.459,0.541,0.816
20K445,New Utrecht High School,0.424,0.576,0.695
20K485,High School of Telecommunication Arts and Technolo,0.436,0.564,0.627
20K490,Fort Hamilton High School,0.465,0.535,0.644
20K503,P.S. 503: The School of Discovery,0.486,0.514,0.869
20K505,Franklin Delano Roosevelt High School,0.435,0.565,0.775
20K506,P.S. 506: The School of Journalism & Technology,0.456,0.544,0.793
20K609,Urban Assembly School for Criminal Justice,1,0,0.711
20K682,The Academy of Talented Scholars,0.463,0.537,0.338
20K686,Brooklyn School of Inquiry,0.516,0.484,0.22
20K748,P.S. 748 Brooklyn School for Global Scholars,0.502,0.498,0.515
20K768,District 20 Pre-K Center,0.496,0.504,0.502
20K971,"School of Math, Science, and Healthy Living",0.495,0.505,0.736
21K090,P.S. 90 Edna Cohen School,0.507,0.493,0.818
21K095,P.S. 095 The Gravesend,0.481,0.519,0.696
21K096,I.S. 096 Seth Low,0.46,0.54,0.695
21K097,P.S. 97 The Highlawn,0.479,0.521,0.555
21K098,I.S. 98 Bay Academy,0.536,0.464,0.44
21K099,P.S. 099 Isaac Asimov,0.495,0.505,0.677
21K100,P.S. 100 The Coney Island School,0.515,0.485,0.366
21K101,P.S. 101 The Verrazano,0.466,0.534,0.596
21K121,P.S. 121 Nelson A. Rockefeller,0.497,0.503,0.661
21K128,P.S. 128 Bensonhurst,0.454,0.546,0.655
21K153,P.S. 153 Homecrest,0.515,0.485,0.665
21K177,P.S. 177 The Marlboro,0.49,0.51,0.68
21K188,P.S. 188 Michael E. Berdy,0.52,0.48,0.856
21K199,P.S. 199 Frederick Wachtel,0.503,0.497,0.71
21K209,P.S. 209 Margaret Mead,0.506,0.494,0.573
21K212,P.S. 212 Lady Deborah Moody,0.511,0.489,0.761
21K215,P.S. 215 Morris H. Weiss,0.506,0.494,0.529
21K216,P.S. 216 Arturo Toscanini,0.519,0.481,0.515
21K225,P.S. K225 - The Eileen E. Zaglin,0.452,0.548,0.674
21K226,P.S. 226 Alfred De B. Mason,0.484,0.516,0.663
21K228,I.S. 228 David A. Boody,0.493,0.507,0.616
21K238,P.S. 238 Anne Sullivan,0.473,0.527,0.766
21K239,Mark Twain I.S. 239 for the Gifted & Talented,0.534,0.466,0.288
21K253,P.S. 253,0.493,0.507,0.789
21K281,I.S. 281 Joseph B Cavallaro,0.46,0.54,0.617
21K288,P.S. 288 The Shirley Tanyhill,0.488,0.512,0.909
21K303,I.S. 303 Herbert S. Eisenberg,0.535,0.465,0.676
21K329,P.S. 329 Surfside,0.476,0.524,0.88
21K337,International High School at Lafayette,0.336,0.664,0.945
21K344,Rachel Carson High School for Coastal Studies,0.457,0.543,0.629
21K348,High School of Sports Management,0.107,0.893,0.715
21K410,Abraham Lincoln High School,0.38,0.62,0.702
21K468,Kingsborough Early College School,0.453,0.547,0.56
21K525,Edward R. Murrow High School,0.587,0.413,0.53
21K540,John Dewey High School,0.465,0.535,0.701
21K559,Life Academy High School for Film and Music,0.55,0.45,0.671
21K572,Expeditionary Learning School for Community Leader,0.445,0.555,0.674
21K620,William E. Grady Career and Technical Education Hi,0.213,0.787,0.666
21K690,Brooklyn Studio Secondary School,0.502,0.498,0.619
21K728,Liberation Diploma Plus,0.451,0.549,0.732
21K840,Brooklyn's Daily Discovery Pre-K Center,0.548,0.452,0.522
22K014,J.H.S. 014 Shell Bank,0.44,0.56,0.656
22K052,P.S. 052 Sheepshead Bay,0.505,0.495,0.53
22K078,J.H.S. 078 Roy H. Mann,0.508,0.492,0.522
22K109,P.S. 109,0.483,0.517,0.684
22K119,P.S. 119 Amersfort,0.474,0.526,0.603
22K134,P.S. K134,0.525,0.475,0.78
22K139,P.S. 139 Alexine A. Fenty,0.504,0.496,0.631
22K152,School of Science & Technology,0.48,0.52,0.715
22K193,P.S. 193 Gil Hodges,0.485,0.515,0.54
22K194,P.S. 194 Raoul Wallenberg,0.489,0.511,0.811
22K195,P.S. 195 Manhattan Beach,0.472,0.528,0.249
22K197,P.S. 197 - The Kings Highway Academy,0.514,0.486,0.585
22K198,P.S. 198 Brooklyn,0.452,0.548,0.668
22K203,P.S. 203 Floyd Bennett School,0.511,0.489,0.52
22K206,P.S. 206 Joseph F Lamb,0.486,0.514,0.488
22K207,P.S. 207 Elizabeth G. Leary,0.482,0.518,0.305
22K217,P.S. 217 Colonel David Marcus School,0.481,0.519,0.691
22K222,P.S. 222 Katherine R. Snyder,0.494,0.506,0.365
22K234,J.H.S. 234 Arthur W. Cunningham,0.483,0.517,0.47
22K236,P.S. 236 Mill Basin,0.506,0.494,0.31
22K240,Andries Hudde,0.499,0.501,0.619
22K245,P.S. 245,0.505,0.495,0.711
22K251,P.S. 251 Paerdegat,0.499,0.501,0.675
22K254,P.S. 254 Dag Hammarskjold,0.485,0.515,0.449
22K255,P.S. 255 Barbara Reing School,0.492,0.508,0.637
22K277,P.S. 277 Gerritsen Beach,0.495,0.505,0.283
22K278,J.H.S. 278 Marine Park,0.498,0.502,0.487
22K312,P.S. 312 Bergen Beach,0.483,0.517,0.335
22K315,P.S. K315,0.494,0.506,0.751
22K326,P.S. 326,0.453,0.547,0.601
22K361,P.S. 361 East Flatbush Early Childhood School,0.465,0.535,0.779
22K381,I. S. 381,0.516,0.484,0.611
22K405,Midwood High School,0.549,0.451,0.509
22K425,James Madison High School,0.417,0.583,0.552
22K535,Leon M. Goldstein High School for the Sciences,0.562,0.438,0.367
22K555,Brooklyn College Academy,0.644,0.356,0.457
22K611,Origins High School,0.492,0.508,0.678
22K630,Professional Pathways High School,0.396,0.604,0.619
22K853,The Joan Snow Pre-K Center,0.545,0.455,0.597
23K041,P.S. 041 Francis White,0.503,0.497,0.895
23K137,P.S./I.S. 137 Rachel Jean Mitchell,0.505,0.495,0.827
23K150,P.S. 150 Christopher,0.478,0.522,0.948
23K155,P.S./ I.S. 155 Nicholas Herkimer,0.505,0.495,0.886
23K156,P.S. 156 Waverly,0.431,0.569,0.841
23K165,P.S. 165 Ida Posner,0.458,0.542,0.817
23K178,P.S. 178 Saint Clair Mckelway,0.519,0.481,0.854
23K184,P.S. 184 Newport,0.518,0.482,0.883
23K284,"The Gregory Jocko Jackson School of Sports, Art, a",0.48,0.52,0.905
23K298,P.S. 298 Dr. Betty Shabazz,0.468,0.532,0.958
23K323,P.S./I.S. 323,0.546,0.454,0.849
23K327,P.S. 327 Dr. Rose B. English,0.505,0.495,0.833
23K363,Brownsville Collaborative Middle School,0.588,0.412,0.918
23K392,I.S. 392,0.593,0.407,0.591
23K401,Christopher Avenue Community School,0.478,0.522,0.942
23K446,Riverdale Avenue Community School,0.459,0.541,0.848
23K493,Brooklyn Collegiate: A College Board School,0.388,0.612,0.705
23K514,Frederick Douglass Academy VII High School,0.437,0.563,0.71
23K518,Kappa V (Knowledge and Power Preparatory Academy),0.505,0.495,0.681
23K522,Mott Hall IV,0.462,0.538,0.799
23K599,Brooklyn Landmark Elementary School,0.502,0.498,0.828
23K643,Brooklyn Democracy Academy,0.474,0.526,0.736
23K644,Eagle Academy for Young Men II,0,1,0.674
23K647,Metropolitan Diploma Plus High School,0.503,0.497,0.765
23K664,Brooklyn Environmental Exploration School (BEES),0.522,0.478,0.829
23K668,Riverdale Avenue Middle School,0.46,0.54,0.811
23K671,Mott Hall Bridges Academy,0.507,0.493,0.781
23K697,Teachers Preparatory High School,0.61,0.39,0.737
24Q005,I.S. 5 - The Walter Crowley Intermediate School,0.498,0.502,0.606
24Q007,P.S. 007 Louis F. Simeone,0.478,0.522,0.565
24Q012,P.S. 012 James B. Colgate,0.494,0.506,0.572
24Q013,P.S. 013 Clement C. Moore,0.491,0.509,0.624
24Q014,P.S. 014 Fairview,0.493,0.507,0.745
24Q016,P.S. Q016 The Nancy DeBenedittis School,0.469,0.531,0.75
24Q019,P.S. 019 Marino Jeantet,0.495,0.505,0.784
24Q028,P.S. 28 - The Thomas Emanuel Early Childhood Cente,0.501,0.499,0.718
24Q049,P.S. 049 Dorothy Bonawit Kole,0.469,0.531,0.325
24Q058,P.S. 58 - The School of Heroes,0.505,0.495,0.418
24Q061,I.S. 061 Leonardo Da Vinci,0.479,0.521,0.718
24Q068,P.S. 068 Cambridge,0.457,0.543,0.642
24Q071,P.S. 071 Forest,0.486,0.514,0.616
24Q073,I.S. 73 - The Frank Sansivieri Intermediate School,0.452,0.548,0.539
24Q077,I.S. 077,0.477,0.523,0.672
24Q081,P.S. 81Q Jean Paul Richter,0.483,0.517,0.789
24Q087,P.S./I.S. 087 Middle Village,0.467,0.533,0.476
24Q088,P.S. 088 Seneca,0.502,0.498,0.573
24Q089,P.S. 089 Elmhurst,0.494,0.506,0.663
24Q091,P.S. 091 Richard Arkwright,0.494,0.506,0.495
24Q093,I.S. 093 Ridgewood,0.483,0.517,0.642
24Q102,P.S. 102 Bayview,0.489,0.511,0.506
24Q110,P.S. 110,0.532,0.468,0.801
24Q113,P.S./I.S. 113 Anthony J. Pranzo,0.5,0.5,0.245
24Q119,I.S. 119 The Glendale,0.496,0.504,0.406
24Q125,I.S. 125 Thom J. McCann Woodside,0.473,0.527,0.566
24Q128,"P.S. 128 The Lorraine Tuzzo, Juniper Valley Elemen",0.519,0.481,0.177
24Q143,P.S. 143 Louis Armstrong,0.478,0.522,0.783
24Q153,P.S. 153 Maspeth Elem,0.485,0.515,0.481
24Q199,P.S. 199 Maurice A. Fitzgerald,0.487,0.513,0.599
24Q211,Elm Tree Elementary School,0.521,0.479,0.764
24Q229,P.S. 229 Emanuel Kaplan,0.477,0.523,0.428
24Q236,International High School for Health Sciences,0.478,0.522,0.946
24Q239,P.S. 239,0.46,0.54,0.774
24Q264,Academy of Finance and Enterprise,0.541,0.459,0.539
24Q267,High School of Applied Communication,0.597,0.403,0.515
24Q290,A.C.E. Academy for Scholars at the Geraldine Ferra,0.469,0.531,0.462
24Q293,Civic Leadership Academy,0.533,0.467,0.622
24Q296,Pan American International High School,0.471,0.529,0.892
24Q299,Bard High School Early College Queens,0.597,0.403,0.327
24Q305,Learners and Leaders,0.455,0.545,0.673
24Q307,Pioneer Academy,0.504,0.496,0.773
24Q311,Corona Arts & Sciences Academy,0.403,0.597,0.738
24Q330,Helen M. Marshall School,0.494,0.506,0.763
24Q331,Mosaic Pre-K Center,0.496,0.504,0.491
24Q343,The Children's Lab School,0.46,0.54,0.542
24Q455,Newtown High School,0.407,0.593,0.663
24Q485,Grover Cleveland High School,0.424,0.576,0.657
24Q520,Middle College High School at LaGuardia Community,0.45,0.55,0.595
24Q530,International High School at LaGuardia Community C,0.539,0.461,0.824
24Q550,High School for Arts and Business,0.564,0.436,0.611
24Q560,"Robert F. Wagner, Jr. Secondary School for Arts an",0.44,0.56,0.523
24Q585,Maspeth High School,0.522,0.478,0.393
24Q600,Queens Technical High School,0.378,0.622,0.581
24Q610,Aviation Career & Technical Education High School,0.194,0.806,0.533
24Q744,VOYAGES Preparatory,0.42,0.58,0.492
25Q020,P.S. 020 John Bowne,0.494,0.506,0.61
25Q021,P.S. 021 Edward Hart,0.467,0.533,0.481
25Q022,P.S. 022 Thomas Jefferson,0.489,0.511,0.559
25Q024,P.S. 024 Andrew Jackson,0.487,0.513,0.51
25Q025,I.S. 025 Adrien Block,0.463,0.537,0.32
25Q029,P.S. 029 Queens,0.497,0.503,0.53
25Q032,P.S. 032 State Street,0.476,0.524,0.386
25Q079,P.S. 079 Francis Lewis,0.469,0.531,0.269
25Q107,P.S. 107 Thomas A Dooley,0.491,0.509,0.41
25Q120,P.S. 120 Queens,0.48,0.52,0.535
25Q129,P.S. 129 Patricia Larkin,0.474,0.526,0.467
25Q130,P.S. 130,0.471,0.529,0.261
25Q154,P.S. 154 Queens,0.48,0.52,0.49
25Q163,P.S. 163 Flushing Heights,0.459,0.541,0.472
25Q164,P.S. 164 Queens Valley,0.487,0.513,0.394
25Q165,P.S. 165 Edith K. Bergtraum,0.485,0.515,0.51
25Q169,P.S. 169 Bay Terrace,0.478,0.522,0.224
25Q184,P.S. 184 Flushing Manor,0.493,0.507,0.247
25Q185,J.H.S. 185 Edward Bleeker,0.484,0.516,0.415
25Q189,J.H.S. 189 Daniel Carter Beard,0.484,0.516,0.583
25Q193,P.S. 193 Alfred J. Kennedy,0.491,0.509,0.183
25Q194,J.H.S. 194 William Carr,0.475,0.525,0.313
25Q200,P.S./M.S. 200 - The Magnet School of Global Studie,0.525,0.475,0.433
25Q201,P.S. 201 The Discovery School for Inquiry and Rese,0.477,0.523,0.7
25Q209,P.S. 209 Clearview Gardens,0.503,0.497,0.208
25Q214,P.S. 214 Cadwallader Colden,0.504,0.496,0.554
25Q219,P.S. 219 Paul Klapper,0.487,0.513,0.443
25Q237,I.S. 237,0.474,0.526,0.539
25Q240,Veritas Academy,0.515,0.485,0.519
25Q241,Queens High School for Language Studies,0.522,0.478,0.721
25Q242,P.S. 242 Leonard P. Stavisky Early Childhood Schoo,0.528,0.472,0.481
25Q244,The Active Learning Elementary School,0.493,0.507,0.49
25Q250,I.S. 250 The Robert F. Kennedy Community Middle Sc,0.425,0.575,0.564
25Q252,"Queens School of Inquiry, The",0.476,0.524,0.437
25Q263,Flushing International High School,0.434,0.566,0.896
25Q281,East-West School of International Studies,0.48,0.52,0.529
25Q285,World Journalism Preparatory: A College Board Scho,0.591,0.409,0.318
25Q294,BELL Academy,0.501,0.499,0.281
25Q425,John Bowne High School,0.5,0.5,0.612
25Q460,Flushing High School,0.472,0.528,0.634
25Q499,"The Queens College School for Math, Science and Te",0.526,0.474,0.342
25Q525,Townsend Harris High School,0.688,0.312,0.277
25Q540,Queens Academy High School,0.386,0.614,0.491
25Q670,Robert F. Kennedy Community High School,0.464,0.536,0.586
25Q792,North Queens Community High School,0.519,0.481,0.541
26Q018,P.S. 018 Winchester,0.491,0.509,0.247
26Q026,P.S. 026 Rufus King,0.497,0.503,0.339
26Q031,P.S. 031 Bayside,0.467,0.533,0.291
26Q041,P.S. 041 Crocheron,0.505,0.495,0.225
26Q046,P.S. 046 Alley Pond,0.475,0.525,0.289
26Q067,J.H.S. 067 Louis Pasteur,0.484,0.516,0.19
26Q074,J.H.S. 074 Nathaniel Hawthorne,0.48,0.52,0.23
26Q094,P.S. 094 David D. Porter,0.495,0.505,0.236
26Q098,P.S. 098 The Douglaston School,0.502,0.498,0.143
26Q115,The James J. Ambrose School,0.482,0.518,0.25
26Q133,P.S. 133 Queens,0.482,0.518,0.283
26Q158,M.S. 158 Marie Curie,0.487,0.513,0.25
26Q159,P.S. 159,0.479,0.521,0.28
26Q162,P.S. 162 John Golden,0.468,0.532,0.281
26Q172,Irwin Altman Middle School 172,0.437,0.563,0.26
26Q173,P.S. 173 Fresh Meadows,0.484,0.516,0.287
26Q178,P.S./ IS 178 Holliswood,0.496,0.504,0.208
26Q186,P.S. 186 Castlewood,0.444,0.556,0.174
26Q188,P.S. 188 Kingsbury,0.5,0.5,0.149
26Q191,P.S. 191 Mayflower,0.513,0.487,0.298
26Q203,P.S. 203 Oakland Gardens,0.469,0.531,0.189
26Q205,P.S. 205 Alexander Graham Bell,0.473,0.527,0.183
26Q213,P.S. 213 The Carl Ullman School,0.475,0.525,0.311
26Q216,J.H.S. 216 George J. Ryan,0.485,0.515,0.391
26Q221,P.S. 221 THE NORTH HILLS SCHOOL,0.491,0.509,0.144
26Q266,P.S./I.S. 266,0.489,0.511,0.245
26Q315,Business Technology Early College High School,0.26,0.74,0.456
26Q415,Benjamin N. Cardozo High School,0.521,0.479,0.387
26Q430,Francis Lewis High School,0.504,0.496,0.453
26Q435,Martin Van Buren High School,0.444,0.556,0.529
26Q495,Bayside High School,0.49,0.51,0.388
26Q566,"Queens High School of Teaching, Liberal Arts and t",0.506,0.494,0.31
27Q042,P.S./M.S 042 R. Vernam,0.445,0.555,0.842
27Q043,P.S. 043,0.516,0.484,0.777
27Q045,P.S. 045 Clarence Witherspoon,0.455,0.545,0.635
27Q047,P.S. 047 Chris Galas,0.514,0.486,0.263
27Q051,P.S. 051,0.51,0.49,0.483
27Q053,M.S. 053 Brian Piccolo,0.413,0.587,0.748
27Q056,P.S. 056 Harry Eichler,0.479,0.521,0.532
27Q060,P.S. 060 Woodhaven,0.491,0.509,0.616
27Q062,P. S. 62 - Chester Park School,0.483,0.517,0.538
27Q063,P.S. 063 Old South,0.493,0.507,0.567
27Q064,P.S. 064 Joseph P. Addabbo,0.508,0.492,0.67
27Q065,P.S. 65 - The Raymond York Elementary School,0.489,0.511,0.56
27Q066,P.S. 066 Jacqueline Kennedy Onassis,0.483,0.517,0.545
27Q090,P.S. 090 Horace Mann,0.505,0.495,0.577
27Q096,P.S. 096,0.479,0.521,0.53
27Q097,P.S. 097 Forest Park,0.471,0.529,0.613
27Q100,P.S. 100 Glen Morris,0.487,0.513,0.51
27Q104,P.S. 104 The Bays Water,0.485,0.515,0.769
27Q105,P.S. 105 The Bay School,0.465,0.535,0.875
27Q106,Lighthouse Elementary School,0.495,0.505,0.85
27Q108,P.S. 108 Captain Vincent G. Fowler,0.496,0.504,0.541
27Q114,P.S./M.S. 114 Belle Harbor,0.484,0.516,0.338
27Q123,P.S. 123,0.491,0.509,0.605
27Q124,P.S. 124 Osmond A Church,0.492,0.508,0.483
27Q137,M.S. 137 America's School of Heroes,0.479,0.521,0.504
27Q146,P.S. 146 Howard Beach,0.493,0.507,0.274
27Q155,P.S. 155,0.512,0.488,0.524
27Q183,P.S. 183 Dr. Richard R. Green,0.471,0.529,0.829
27Q197,P.S. 197 The Ocean School,0.437,0.563,0.736
27Q202,J.H.S. 202 Robert H. Goddard,0.482,0.518,0.557
27Q207,P.S. 207 Rockwood Park,0.473,0.527,0.167
27Q210,J.H.S. 210 Elizabeth Blackwell,0.49,0.51,0.594
27Q223,P.S. 223 Lyndon B. Johnson,0.45,0.55,0.62
27Q226,J.H.S. 226 Virgil I. Grissom,0.471,0.529,0.519
27Q232,P.S. 232 Lindenwood,0.485,0.515,0.373
27Q253,P.S. 253,0.496,0.504,0.749
27Q254,P.S. 254 - The Rosa Parks School,0.487,0.513,0.528
27Q260,Frederick Douglass Academy VI High School,0.464,0.536,0.732
27Q261,Voyages Prep - South Queens,0.509,0.491,0.586
27Q262,Channel View School for Research,0.478,0.522,0.545
27Q273,P.S. 273,0.462,0.538,0.58
27Q282,Knowledge and Power Preparatory Academy VI,0.535,0.465,0.604
27Q297,Hawtree Creek Middle School,0.478,0.522,0.489
27Q302,"Queens High School for Information, Research, and",0.393,0.607,0.749
27Q306,New York City Academy for Discovery,0.459,0.541,0.55
27Q308,Robert H. Goddard High School of Communication Art,0.54,0.46,0.487
27Q309,Academy of Medical Technology: A College Board Sch,0.532,0.468,0.695
27Q314,Epic High School - South,0.474,0.526,0.583
27Q316,Queens Explorers Elementary School,0.495,0.505,0.443
27Q317,Waterside Children's Studio School,0.509,0.491,0.606
27Q318,Waterside School For Leadership,0.489,0.511,0.748
27Q319,Village Academy,0.489,0.511,0.729
27Q323,Scholars' Academy,0.576,0.424,0.395
27Q324,Rockaway Park High School for Environmental Sustai,0.397,0.603,0.694
27Q333,Goldie Maple Academy,0.553,0.447,0.679
27Q334,Epic High School - North,0.438,0.562,0.525
27Q336,Curious Young Learners Pre-K Center,0.519,0.481,0.556
27Q351,Rockaway Collegiate High School,0.459,0.541,0.693
27Q362,Wave Preparatory Elementary School,0.472,0.528,0.694
27Q400,August Martin High School,0.453,0.547,0.6
27Q475,Richmond Hill High School,0.418,0.582,0.644
27Q480,John Adams High School,0.435,0.565,0.646
27Q650,"High School for Construction Trades, Engineering a",0.323,0.677,0.429
28Q008,J.H.S. 008 Richard S. Grossley,0.449,0.551,0.655
28Q040,P.S. 040 Samuel Huntington,0.474,0.526,0.756
28Q048,P.S. 048 William Wordsworth,0.489,0.511,0.715
28Q050,P.S. 050 Talfourd Lawn Elementary School,0.481,0.519,0.643
28Q054,P.S. 054 Hillside,0.435,0.565,0.629
28Q055,P.S. 055 Maure,0.522,0.478,0.495
28Q072,Catherine & Count Basie Middle School 72,0.445,0.555,0.606
28Q080,PS 80  The Thurgood Marshall Magnet School of Mult,0.517,0.483,0.56
28Q082,P.S. 082 Hammond,0.496,0.504,0.695
28Q086,P.S. Q086,0.52,0.48,0.656
28Q099,P.S. 099 Kew Gardens,0.445,0.555,0.418
28Q101,P.S. 101 School in the Gardens,0.502,0.498,0.152
28Q117,P.S. 117 J. Keld / Briarwood School,0.482,0.518,0.495
28Q121,P.S. 121 Queens,0.499,0.501,0.499
28Q139,P.S. 139 Rego Park,0.481,0.519,0.377
28Q140,P.S. 140 Edward K Ellington,0.47,0.53,0.655
28Q144,P.S. 144 Col Jeromus Remsen,0.493,0.507,0.184
28Q157,J.H.S. 157 Stephen A. Halsey,0.485,0.515,0.359
28Q160,P.S. 160 Walter Francis Bishop,0.442,0.558,0.647
28Q161,P.S. 161 Arthur Ashe School,0.481,0.519,0.51
28Q167,Metropolitan Expeditionary Learning School,0.486,0.514,0.397
28Q174,P.S. 174 William Sidney Mount,0.453,0.547,0.261
28Q175,P.S. 175 The Lynn Gross Discovery School,0.463,0.537,0.365
28Q182,P.S. 182 Samantha Smith,0.483,0.517,0.692
28Q190,J.H.S. 190 Russell Sage,0.448,0.552,0.348
28Q196,P.S. 196 Grand Central Parkway,0.512,0.488,0.129
28Q206,P.S. 206 The Horace Harding School,0.491,0.509,0.553
28Q217,J.H.S. 217 Robert A. Van Wyck,0.464,0.536,0.592
28Q220,P.S. 220 Edward Mandel,0.482,0.518,0.486
28Q284,York Early College Academy,0.552,0.448,0.415
28Q287,The Emerson School,0.46,0.54,0.597
28Q303,The Academy for Excellence through the Arts,0.505,0.495,0.128
28Q310,Queens Collegiate: A College Board School,0.521,0.479,0.551
28Q312,Jamaica Children's School,0.514,0.486,0.82
28Q325,Hillside Arts & Letters Academy,0.57,0.43,0.57
28Q328,High School for Community Leadership,0.486,0.514,0.615
28Q332,Redwood Middle School,0.48,0.52,0.539
28Q335,The Ezra Jack Keats Pre-K Center,0.522,0.478,0.415
28Q338,Queens Satellite High School for Opportunity,0.469,0.531,0.506
28Q349,The Queens School for Leadership and Excellence,0.407,0.593,0.604
28Q350,Jamaica Gateway to the Sciences,0.515,0.485,0.488
28Q354,The Jermaine L. Green STEM Institute of Queens,0.452,0.548,0.554
28Q358,M.S. 358,0.508,0.492,0.658
28Q440,Forest Hills High School,0.515,0.485,0.456
28Q505,Hillcrest High School,0.532,0.468,0.57
28Q620,Thomas A. Edison Career and Technical Education Hi,0.347,0.653,0.439
28Q680,Queens Gateway to Health Sciences Secondary School,0.58,0.42,0.424
28Q686,Queens Metropolitan High School,0.493,0.507,0.417
28Q687,Queens High School for the Sciences at York Colleg,0.435,0.565,0.304
28Q690,High School for Law Enforcement and Public Safety,0.463,0.537,0.574
28Q896,"Young Women's Leadership School, Queens",1,0,0.5
29Q015,P.S. 015 Jackie Robinson,0.517,0.483,0.482
29Q033,P.S. 033 Edward M. Funk,0.48,0.52,0.448
29Q034,P.S. 034 John Harvard,0.481,0.519,0.502
29Q035,P.S. 035 Nathaniel Woodhull,0.52,0.48,0.576
29Q036,P.S. 036 Saint Albans School,0.515,0.485,0.594
29Q037,Cynthia Jenkins School,0.479,0.521,0.615
29Q038,P.S. 038 Rosedale,0.445,0.555,0.451
29Q052,P.S. 052 Queens,0.507,0.493,0.671
29Q059,I.S. 059 Springfield Gardens,0.496,0.504,0.449
29Q095,P.S. 095 Eastwood,0.493,0.507,0.683
29Q109,Jean Nuzzi Intermediate School,0.466,0.534,0.432
29Q116,P.S./I.S. 116 William C. Hughley,0.521,0.479,0.684
29Q118,P.S. 118 Lorraine Hansberry,0.496,0.504,0.583
29Q131,P.S. 131 Abigail Adams,0.495,0.505,0.564
29Q132,P.S. 132 Ralph Bunche,0.47,0.53,0.587
29Q134,P.S. 134 Hollis,0.47,0.53,0.564
29Q135,The Bellaire School,0.471,0.529,0.444
29Q136,P.S. 136 Roy Wilkins,0.482,0.518,0.546
29Q138,P.S./M.S. 138 Sunrise,0.466,0.534,0.513
29Q147,P.S./M.S. 147 Ronald McNair,0.484,0.516,0.416
29Q156,P.S. 156 Laurelton,0.481,0.519,0.522
29Q176,P.S. 176 Cambria Heights,0.537,0.463,0.34
29Q181,P.S. 181 Brookfield,0.463,0.537,0.546
29Q192,I.S. 192 The Linden,0.476,0.524,0.453
29Q195,P.S. 195 William Haberle,0.511,0.489,0.482
29Q208,P.S./I.S. 208,0.503,0.497,0.269
29Q238,I.S. 238 - Susan B. Anthony Academy,0.498,0.502,0.586
29Q243,Institute for Health Professions at Cambria Height,0.663,0.337,0.517
29Q248,Queens Preparatory Academy,0.46,0.54,0.524
29Q251,P.S. 251 Queens,0.526,0.474,0.489
29Q259,Pathways College Preparatory School: A College Boa,0.475,0.525,0.383
29Q265,Excelsior Preparatory High School,0.482,0.518,0.47
29Q268,P.S./I.S. 268,0.507,0.493,0.622
29Q270,The Gordon Parks School,0.501,0.499,0.34
29Q272,George Washington Carver High School for the Scien,0.485,0.515,0.473
29Q283,Preparatory Academy for Writers: A College Board S,0.599,0.401,0.441
29Q289,Queens United Middle School,0.5,0.5,0.426
29Q295,P.S./I.S. 295,0.464,0.536,0.414
29Q313,Benjamin Franklin High School for Finance & Inform,0.371,0.629,0.554
29Q326,Cambria Heights Academy,0.531,0.469,0.467
29Q327,Eagle Academy for Young Men III,0.002,0.998,0.399
29Q355,Collaborative Arts Middle School,0.473,0.527,0.598
29Q356,Community Voices Middle School,0.491,0.509,0.564
29Q360,P.S. 360,0.507,0.493,0.466
29Q381,District 29 Pre-K Center,0.495,0.505,0.495
29Q492,"Mathematics, Science Research and Technology Magne",0.368,0.632,0.508
29Q498,Humanities & Arts Magnet High School,0.625,0.375,0.519
30Q002,P.S. 002 Alfred Zimberg,0.506,0.494,0.435
30Q010,I.S. 010 Horace Greeley,0.456,0.544,0.604
30Q011,P.S. 011 Kathryn Phelan,0.499,0.501,0.538
30Q017,P.S. 017 Henry David Thoreau,0.489,0.511,0.657
30Q069,P.S. 069 Jackson Heights,0.512,0.488,0.554
30Q070,P.S. 070,0.476,0.524,0.548
30Q076,P.S. 076 William Hallet,0.478,0.522,0.757
30Q078,P.S./I.S. 78Q,0.509,0.491,0.225
30Q084,P.S. 084 Steinway,0.514,0.486,0.508
30Q085,P.S. 085 Judge Charles Vallone,0.514,0.486,0.436
30Q092,P.S. 092 Harry T. Stewart Sr.,0.512,0.488,0.75
30Q111,P.S. 111 Jacob Blackwell,0.446,0.554,0.877
30Q112,P.S. 112 Dutch Kills,0.447,0.553,0.744
30Q122,P.S. 122 Mamie Fay,0.481,0.519,0.384
30Q126,Albert Shanker School for Visual and Performing Ar,0.453,0.547,0.67
30Q127,P.S. 127 Aerospace Science Magnet School,0.482,0.518,0.634
30Q141,I.S. 141 The Steinway,0.478,0.522,0.488
30Q145,I.S. 145 Joseph Pulitzer,0.49,0.51,0.659
30Q148,P.S. 148 Queens,0.51,0.49,0.64
30Q149,P.S. 149 Christa Mcauliffe,0.489,0.511,0.711
30Q150,P.S. 150 Queens,0.493,0.507,0.488
30Q151,P.S. 151 Mary D. Carter,0.505,0.495,0.711
30Q152,P.S. 152 Gwendoline N. Alleyne School,0.499,0.501,0.657
30Q166,P.S. 166 Henry Gradstein,0.5,0.5,0.556
30Q171,P.S. 171 Peter G. Van Alst,0.488,0.512,0.752
30Q204,I.S. 204 Oliver W. Holmes,0.438,0.562,0.738
30Q212,P.S. 212,0.469,0.531,0.574
30Q222,P.S. Q222 - Fire Fighter Christopher A. Santora Sc,0.528,0.472,0.548
30Q227,I.S. 227 Louis Armstrong,0.525,0.475,0.548
30Q228,The Ivan Lafayette Early Childhood School of the A,0.502,0.498,0.665
30Q230,I.S. 230,0.487,0.513,0.573
30Q234,P.S. 234,0.482,0.518,0.615
30Q235,Academy for New Americans,0.487,0.513,0.603
30Q258,Energy Tech High School,0.218,0.782,0.51
30Q280,P.S. 280,0.487,0.513,0.729
30Q286,"Young Women's Leadership School, Astoria",1,0,0.551
30Q291,Hunters Point Community Middle School,0.519,0.481,0.474
30Q300,The 30th Avenue School (G&T Citywide),0.517,0.483,0.256
30Q301,Academy for Careers in Television and Film,0.514,0.486,0.431
30Q329,East Elmhurst Community School,0.464,0.536,0.663
30Q361,The Woodside Community School,0.492,0.508,0.5
30Q389,District 30 Pre-K Center,0.442,0.558,0.451
30Q445,William Cullen Bryant High School,0.456,0.544,0.638
30Q450,Long Island City High School,0.498,0.502,0.644
30Q501,Frank Sinatra School of the Arts High School,0.679,0.321,0.302
30Q502,Information Technology High School,0.223,0.777,0.614
30Q555,Newcomers High School,0.456,0.544,0.967
30Q575,Academy of American Studies,0.57,0.43,0.434
30Q580,Baccalaureate School for Global Education,0.549,0.451,0.252
31R001,P.S. 001 Tottenville,0.503,0.497,0.299
31R002,I.S. R002 George L. Egbert,0.491,0.509,0.492
31R003,P.S. 003 The Margaret Gioiosa School,0.466,0.534,0.174
31R004,P.S. 004 Maurice Wollin,0.464,0.536,0.242
31R005,P.S. 005 Huguenot,0.527,0.473,0.148
31R006,P.S. 6 Corporal Allan F. Kivlehan School,0.471,0.529,0.244
31R007,I.S. 007 Elias Bernstein,0.513,0.487,0.223
31R008,P.S. 8 Shirlee Solomon,0.471,0.529,0.272
31R009,Naples Street Elementary School,0.514,0.486,0.327
31R010,Fort Hill Collaborative Elementary School,0.421,0.579,0.867
31R011,P.S. 11 Thomas Dongan School,0.493,0.507,0.547
31R013,P.S. 013 M. L. Lindemeyer,0.503,0.497,0.588
31R016,P.S. 016 John J. Driscoll,0.493,0.507,0.792
31R018,P.S. 018 John G. Whittier,0.455,0.545,0.857
31R019,P.S. 019 The Curtis School,0.505,0.495,0.74
31R020,P.S. 020 Port Richmond,0.482,0.518,0.85
31R021,P.S. 21 Margaret Emery-Elm Park,0.474,0.526,0.785
31R022,P.S. 022 Graniteville,0.525,0.475,0.676
31R023,P.S. 023 Richmondtown,0.502,0.498,0.231
31R024,I.S. 024 Myra S. Barnes,0.473,0.527,0.264
31R026,P.S. 026 The Carteret School,0.538,0.462,0.34
31R027,I.S. 027 Anning S. Prall,0.48,0.52,0.561
31R028,The Eagle Academy for Young Men of Staten Island,0,1,0.627
31R029,P.S. 029 Bardwell,0.462,0.538,0.33
31R030,P.S. 030 Westerleigh,0.492,0.508,0.272
31R031,P.S. 031 William T. Davis,0.482,0.518,0.87
31R032,P.S. 032 The Gifford School,0.495,0.505,0.247
31R034,I.S. 034 Tottenville,0.49,0.51,0.238
31R035,P.S. 35 The Clove Valley School,0.45,0.55,0.281
31R036,P.S. 036 J. C. Drumgoole,0.498,0.502,0.168
31R038,P.S. 038 George Cromwell,0.501,0.499,0.45
31R039,P.S. 39 Francis J. Murphy Jr.,0.473,0.527,0.526
31R041,The Stephanie A. Vierno School,0.485,0.515,0.438
31R042,P.S. 042 Eltingville,0.486,0.514,0.245
31R044,P.S. 044 Thomas C. Brown,0.521,0.479,0.823
31R045,P.S. 045 John Tyler,0.502,0.498,0.608
31R046,P.S. 046 Albert V. Maniscalco,0.456,0.544,0.614
31R047,CSI High School for International Studies,0.582,0.418,0.272
31R048,P.S. 048 William G. Wilcox,0.491,0.509,0.298
31R049,I.S. 49 Berta A. Dreyfus,0.524,0.476,0.745
31R050,P.S. 050 Frank Hankinson,0.52,0.48,0.237
31R051,I.S. 051 Edwin Markham,0.479,0.521,0.601
31R052,P.S. 052 John C. Thompson,0.496,0.504,0.373
31R053,The Barbara Esselborn School,0.468,0.532,0.254
31R054,P.S. 054 Charles W. Leng,0.492,0.508,0.409
31R055,P.S. 055 Henry M. Boehm,0.473,0.527,0.226
31R056,P.S. 56 The Louis Desario School,0.498,0.502,0.261
31R057,P.S. 057 Hubert H. Humphrey,0.48,0.52,0.817
31R058,Space Shuttle Columbia School,0.493,0.507,0.342
31R059,The Harbor View School,0.54,0.46,0.507
31R060,P.S. 060 Alice Austen,0.46,0.54,0.329
31R061,I.S. 061 William A Morris,0.547,0.453,0.707
31R062,The Kathleen Grimm School for Leadership and Susta,0.48,0.52,0.185
31R063,Marsh Avenue School for Expeditionary Learning,0.544,0.456,0.283
31R064,Gaynor McCown Expeditionary Learning School,0.536,0.464,0.283
31R065,P.S. 65 The Academy of Innovative Learning,0.518,0.482,0.458
31R066,The Richmond Pre-K Center,0.518,0.482,0.456
31R069,P.S. 069 Daniel D. Tompkins,0.432,0.568,0.35
31R072,I.S. 072 Rocco Laurie,0.453,0.547,0.339
31R074,P.S. 74 Future Leaders Elementary School,0.465,0.535,0.798
31R075,I.S. 075 Frank D. Paulo,0.461,0.539,0.193
31R078,P.S. 78,0.49,0.51,0.882
31R080,The Michael J. Petrides School,0.475,0.525,0.365
31R440,New Dorp High School,0.484,0.516,0.474
31R445,Port Richmond High School,0.478,0.522,0.606
31R450,Curtis High School,0.528,0.472,0.612
31R455,Tottenville High School,0.483,0.517,0.252
31R460,Susan E. Wagner High School,0.505,0.495,0.396
31R470,Concord High School,0.516,0.484,0.645
31R600,Ralph R. McKee Career and Technical Education High,0.251,0.749,0.6
31R605,Staten Island Technical High School,0.432,0.568,0.249
31R861,Staten Island School of Civic Leadership,0.493,0.507,0.547
32K045,P.S./I.S. 045 Horace E. Greene,0.503,0.497,0.806
32K075,P.S. 075 Mayda Cortiella,0.48,0.52,0.831
32K086,P.S. 086 The Irvington,0.467,0.533,0.853
32K106,P.S. 106 Edward Everett Hale,0.457,0.543,0.802
32K116,P.S. 116 Elizabeth L Farrell,0.511,0.489,0.832
32K123,P.S. 123 Suydam,0.512,0.488,0.828
32K145,P.S. 145 Andrew Jackson,0.467,0.533,0.844
32K151,P.S. 151 Lyndon B. Johnson,0.503,0.497,0.851
32K162,J.H.S. 162 The Willoughby,0.512,0.488,0.826
32K168,The Brooklyn School for Math and Research,0.373,0.627,0.732
32K274,P.S. 274 Kosciusko,0.473,0.527,0.814
32K291,J.H.S. 291 Roland Hayes,0.444,0.556,0.834
32K299,P.S. 299 Thomas Warren Field,0.531,0.469,0.842
32K347,I.S. 347 School of Humanities,0.479,0.521,0.811
32K349,"I.S. 349 Math, Science & Tech.",0.441,0.559,0.837
32K376,P.S. 376,0.498,0.502,0.831
32K377,P.S. 377 Alejandrina B. De Gautier,0.481,0.519,0.772
32K383,J.H.S. 383 Philippa Schuyler,0.555,0.445,0.641
32K384,P.S. /I.S. 384 Frances E. Carter,0.499,0.501,0.854
32K403,Academy for Environmental Leadership,0.479,0.521,0.811
32K545,EBC High School for Public Service - Bushwick,0.454,0.546,0.824
32K549,The Brooklyn School for Social Justice,0.514,0.486,0.835
32K552,The Academy of Urban Planning and Engineering,0.471,0.529,0.843
32K554,All City Leadership Secondary School,0.54,0.46,0.652
32K556,Bushwick Leaders High School for Academic Excellen,0.464,0.536,0.836
32K562,Evergreen Middle School for Urban Exploration,0.471,0.529,0.829
32K564,Bushwick Community High School,0.475,0.525,0.755
75K004,P.S. K004,0.267,0.733,0.72
75K036,P.S. 36,0.229,0.771,0.819
75K053,P.S. K053,0.286,0.714,0.735
75K077,P.S. K077,0.159,0.841,0.709
75K140,P.S. K140,0.184,0.816,0.793
75K141,P.S. K141,0.329,0.671,0.767
75K231,P.S. K231,0.181,0.819,0.731
75K368,P.S. 368,0.237,0.763,0.788
75K369,P.S. K369 - Coy L. Cox School,0.179,0.821,0.769
75K370,P.S. 370,0.283,0.717,0.708
75K371,P.S. 371 - Lillian L. Rashkis,0.295,0.705,0.698
75K372,P.S. 372 -The Children's School,0.216,0.784,0.318
75K373,P.S. 373 - Brooklyn Transition Center,0.308,0.692,0.721
75K396,P.S. K396,0.343,0.657,0.844
75K721,P.S. K721 - Brooklyn Occupational Training Center,0.391,0.609,0.641
75K753,P.S. K753 - School for Career Development,0.268,0.732,0.752
75K771,P.S. K771,0.276,0.724,0.735
75K811,P.S. K811 Connie Lekas School,0.326,0.674,0.728
75M035,P.S. 035,0.328,0.672,0.804
75M079,P.S. M079 - Horan School,0.299,0.701,0.749
75M094,P.S. M094,0.232,0.768,0.714
75M138,P.S. 138,0.292,0.708,0.777
75M169,P.S. M169 - Robert F. Kennedy,0.181,0.819,0.833
75M226,P.S. M226,0.201,0.799,0.698
75M401,Hospital Schools,0.41,0.59,0.667
75M501,Home Instruction,0.456,0.544,0.669
75M721,P.S. M721 - Manhattan Occupational Training Center,0.36,0.64,0.744
75M751,Manhattan School for Career Development,0.302,0.698,0.737
75M811,P.S. M811 - Mickey Mantle School,0.186,0.814,0.788
75Q004,P.S. Q004,0.188,0.812,0.598
75Q009,P.S. 009,0.311,0.689,0.652
75Q023,P.S. Q023 @ Queens Children Center,0.417,0.583,0.689
75Q075,Robert E. Peary School,0.223,0.777,0.668
75Q177,P.S. Q177,0.226,0.774,0.575
75Q224,P.S. Q224,0.268,0.732,0.543
75Q233,P.S. Q233,0.36,0.64,0.568
75Q255,P.S. Q255,0.214,0.786,0.577
75Q256,P.S. Q256,0.218,0.782,0.694
75Q277,The Riverview School,0.191,0.809,0.558
75Q721,John F. Kennedy Jr. School,0.32,0.68,0.598
75Q752,Queens Transition Center,0.308,0.692,0.619
75Q811,P.S. Q811,0.323,0.677,0.558
75Q993,P.S. Q993,0.32,0.68,0.591
75R025,South Richmond High School I.S./P.S. 25,0.299,0.701,0.742
75R037,The David Marquis School of the Arts,0.277,0.723,0.654
75R373,P.S. R373,0.236,0.764,0.675
75R721,The Richard H. Hungerford School,0.307,0.693,0.698
75X010,P.S. X010,0.281,0.719,0.793
75X012,P.S. X012 Lewis and Clark School,0.278,0.722,0.835
75X017,P.S. X017,0.173,0.827,0.813
75X168,P.S. 168,0.231,0.769,0.841
75X176,P.S. X176,0.176,0.824,0.682
75X186,P186X Walter J. Damrosch School,0.3,0.7,0.846
75X188,P.S. X188,0.258,0.742,0.801
75X352,The Vida Bogart School for All Children,0.236,0.764,0.826
75X469,P469X - The Bronx School for Continuous Learners,0.184,0.816,0.829
75X721,P.S. X721 - Stephen McSweeney School,0.343,0.657,0.715
75X723,P.S. 723,0.254,0.746,0.831
75X754,J. M. Rapport School Career Development,0.334,0.666,0.823
75X811,P.S. X811,0.353,0.647,0.776
79M645,School for Cooperative Technical Education,0.253,0.747,0.474
79M973,Restart Academy,0.401,0.599,0.78
79Q344,East River Academy,0.094,0.906,0.663
79Q950,Pathways to Graduation,0.414,0.586,0.725
79X695,Passages Academy,0.224,0.776,0.801
84K037,Beginning with Children Charter School II,0.543,0.457,0.794
84K125,Success Academy Charter School - Bed-Stuy 2,0.521,0.479,0.692
84K129,Success Academy Charter School - Cobble Hill,0.515,0.485,0.434
84K182,Success Academy Charter School - Williamsburg,0.523,0.477,0.636
84K333,Explore Exceed Charter School,0.476,0.524,0.691
84K355,Williamsburg Collegiate Charter School,0.537,0.463,0.732
84K356,Achievement First Crown Heights Charter School,0.526,0.474,0.559
84K357,KIPP AMP Charter School,0.501,0.499,0.712
84K358,Achievement First East New York Charter School,0.531,0.469,0.698
84K359,The Uft Charter School,0.467,0.533,0.716
84K360,Launch Expeditionary Learning Charter School,0.46,0.54,0.763
84K362,Hellenic Classical Charter School,0.516,0.484,0.45
84K367,Success Academy Charter School - Bed-Stuy 1,0.499,0.501,0.728
84K379,Explore Excel Charter School,0.482,0.518,0.561
84K395,New Visions A.I.M. Charter High School I,0.528,0.472,0.829
84K406,"EMBER Charter School for Mindful Education, Innova",0.479,0.521,0.8
84K417,Urban Dove Charter School,0.419,0.581,0.752
84K473,Williamsburg Charter High School,0.558,0.442,0.716
84K486,New Dawn Charter High School,0.469,0.531,0.718
84K508,Achievement First Endeavor Charter School,0.529,0.471,0.679
84K517,Leadership Prep Bedford Stuyvesant Uncommon Prep C,0.512,0.488,0.668
84K536,Community Roots Charter School,0.456,0.544,0.349
84K538,Achievement First Bushwick Charter School,0.492,0.508,0.714
84K593,Excellence Boys Charter School,0,1,0.615
84K608,Kings Collegiate Charter School,0.498,0.502,0.491
84K626,Achievement First Brownsville Charter School,0.533,0.467,0.702
84K648,Bedford Stuyvesant Collegiate Charter School,0.517,0.483,0.683
84K649,La Cima Charter School,0.478,0.522,0.726
84K651,PAVE Academy Charter School,0.534,0.466,0.768
84K652,Brooklyn Ascend Charter School,0.455,0.545,0.586
84K680,Achievement First Aspire Charter School,0.504,0.496,0.748
84K693,Northside Charter High School,0.528,0.472,0.635
84K701,Brooklyn Charter School,0.478,0.522,0.71
84K702,Community Partnership Charter School,0.501,0.499,0.691
84K704,Explore Charter School,0.497,0.503,0.57
84K707,Brooklyn Prospect Charter School,0.456,0.544,0.345
84K710,Brownsville Collegiate Charter School,0.481,0.519,0.743
84K711,Leadership Preparatory Brownsville Charter School,0.512,0.488,0.774
84K712,Excellence Girls Charter School,0.99,0.01,0.654
84K724,Leadership Prep Canarsie Charter School (Leadershi,0.475,0.525,0.554
84K730,Summit Academy Charter School,0.517,0.483,0.748
84K731,Brooklyn Excelsior Charter School,0.49,0.51,0.693
84K733,"Math, Engineering, and Science Academy Charter Hig",0.517,0.483,0.748
84K736,New American Academy Charter School,0.525,0.475,0.618
84K737,Brownsville Ascend Charter School,0.509,0.491,0.74
84K738,New Visions Charter High School for Advanced Math,0.433,0.567,0.568
84K739,New Visions Charter High School for the Humanities,0.509,0.491,0.598
84K740,Brooklyn Scholars Charter School,0.509,0.491,0.689
84K741,Success Academy Crown Heights (Brooklyn 7),0.518,0.482,0.656
84K742,Explore Empower Charter School,0.461,0.539,0.747
84K744,Coney Island Preparatory Public Charter School,0.451,0.549,0.714
84K746,Hebrew Language Academy Charter School,0.504,0.496,0.455
84K752,Success Academy Fort Greene (Brooklyn 5),0.522,0.478,0.674
84K756,Success Academy Prospect Heights (Brooklyn 6),0.518,0.482,0.61
84K757,Unity Prep Charter School,0.459,0.541,0.717
84K758,Brooklyn Urban Garden Charter School,0.465,0.535,0.476
84K759,Canarsie Ascend Charter School,0.528,0.472,0.523
84K766,The International Charter School of New York,0.5,0.5,0.363
84K769,Hyde Leadership Charter School- Brooklyn,0.538,0.462,0.803
84K772,Success Academy Charter School - Bensonhurst - New,0.461,0.539,0.518
84K774,Achievement First Apollo Charter School,0.519,0.481,0.715
84K775,Leadership Preparatory Ocean Hill Charter School,0.511,0.489,0.743
84K777,Ocean Hill Collegiate Charter School,0.495,0.505,0.67
84K780,Brooklyn East Collegiate Charter School,0.472,0.528,0.604
84K781,Success Academy Charter School - Bergen Beach - Ne,0.47,0.53,0.439
84K782,Bedford Stuyvesant New Beginnings Charter School,0.541,0.459,0.799
84K784,Achievement First North Brooklyn Prep Charter Scho,0.506,0.494,0.767
84K785,Imagine Me Leadership Charter School,0,1,0.692
84K788,Achievement First Linden Elementary School,0.484,0.516,0.726
84K789,Compass Charter School,0.5,0.5,0.373
84K790,Central Brooklyn Ascend Charter School,0.476,0.524,0.706
84K791,Brooklyn Dreams Charter School,0.483,0.517,0.584
84K792,The Cultural Arts Academy at Spring Creek Charter,0.469,0.531,0.457
84K793,Bushwick Ascend Charter School,0.48,0.52,0.742
84K803,Brooklyn LABCharter School,0.506,0.494,0.657
84M065,Democracy Prep Endurance Charter School,0.47,0.53,0.743
84M068,KIPP Washington Heights Middle School,0.528,0.472,0.784
84M080,Manhattan Charter School II,0.438,0.563,0.729
84M085,Global Community Charter School,0.521,0.479,0.812
84M100,Neighborhood Charter School of Harlem,0.447,0.553,0.714
84M168,East Harlem Scholars Academy Charter School II,0.492,0.508,0.816
84M170,Success Academy Hell's Kitchen (Manhattan 2),0.503,0.497,0.515
84M174,Success Academy Union Square (Manhattan 1),0.507,0.493,0.317
84M186,Harlem Hebrew Language Charter School,0.455,0.545,0.538
84M202,Great Oaks Charter School,0.417,0.583,0.673
84M265,Success Academy Charter School - Washington Height,0.572,0.428,0.618
84M279,The Opportunity Charter School,0.399,0.601,0.788
84M284,Harlem Children's Zone Promise Academy 1 Charter S,0.517,0.483,0.758
84M320,Manhattan Charter School,0.437,0.563,0.744
84M329,Harlem Link Charter School,0.469,0.531,0.734
84M330,Girls Preparatory Charter School of New York,1,0,0.687
84M335,Harlem Village Academy East Charter School,0.524,0.476,0.734
84M336,KIPP Infinity Charter School,0.511,0.489,0.777
84M337,New York Center for Autism Charter School,0.188,0.813,0.759
84M341,Harlem Children's Zone Promise Academy II Charter,0.509,0.491,0.761
84M350,Democracy Prep Charter School,0.508,0.492,0.686
84M351,Success Academy Charter School - Harlem 1,0.518,0.482,0.68
84M353,New Heights Academy Charter School,0.549,0.451,0.832
84M382,DREAM Charter School,0.459,0.541,0.782
84M384,Success Academy Charter School - Harlem 2,0.527,0.473,0.731
84M385,Success Academy Charter School - Harlem 3,0.515,0.485,0.724
84M386,Success Academy Charter School - Harlem 4,0.496,0.504,0.701
84M388,St. HOPE Leadership Academy Charter School,0.508,0.492,0.8
84M430,The Equity Project Charter School (TEP),0.534,0.466,0.783
84M433,Renaissance Charter High School for Innovation,0.447,0.553,0.817
84M478,Inwood Academy for Leadership Charter School,0.486,0.514,0.74
84M481,Democracy Prep Harlem Charter School,0.516,0.484,0.745
84M482,Success Academy Charter School - Harlem 5,0.498,0.502,0.728
84M483,New York French American Charter School,0.544,0.456,0.576
84M518,East Harlem Scholars Academy Charter School,0.469,0.531,0.815
84M522,Broome Street Academy Charter School,0.543,0.457,0.703
84M523,Success Academy Charter School - Upper West,0.494,0.506,0.359
84M702,Sisulu-Walker Charter School of Harlem,0.481,0.519,0.803
84M704,Harbor Science and Arts Charter School,0.558,0.442,0.748
84M705,Amber Charter School,0.507,0.493,0.736
84M707,John V. Lindsay Wildcat Academy Charter School,0.528,0.472,0.752
84M708,Harlem Prep Charter School,0.463,0.537,0.821
84M709,Harlem Village Academy West Charter School,0.488,0.512,0.705
84M726,KIPP STAR College Prep Charter School,0.492,0.508,0.739
84M861,Future Leaders Institute Charter School,0.484,0.516,0.743
84Q083,Central Queens Academy Charter School,0.567,0.433,0.645
84Q170,Peninsula Preparatory Academy Charter School,0.534,0.466,0.641
84Q298,Middle Village Prep Charter School,0.557,0.443,0.404
84Q304,VOICE Charter School of New York,0.521,0.479,0.581
84Q320,New Visions Charter High School for Advanced Math,0.453,0.547,0.545
84Q321,Growing Up Green Charter School,0.526,0.474,0.458
84Q337,Success Academy Charter School - Rosedale - New Yo,0.522,0.478,0.46
84Q339,Success Academy Charter School - Springfield Garde,0.492,0.508,0.491
84Q340,Challenge Preparatory Charter School,0.565,0.435,0.678
84Q341,Riverton Street Charter School,0.508,0.492,0.394
84Q342,Rochdale Early Advantage Charter School,0.468,0.532,0.439
84Q359,Academy of the City Charter School,0.501,0.499,0.537
84Q704,Merrick Academy - Queens Public Charter School,0.496,0.504,0.428
84Q705,Renaissance Charter School,0.48,0.52,0.519
84Q706,Our World Neighborhood Charter School,0.479,0.521,0.466
84R012,New Ventures Charter School,0.491,0.509,0.535
84R067,John W. Lavelle Preparatory Charter School,0.488,0.512,0.549
84R073,New World Preparatory Charter School,0.533,0.467,0.729
84X124,Children's Aid College Prep Charter School,0.493,0.507,0.835
84X133,Icahn Charter School 6,0.551,0.449,0.793
84X165,Grand Concourse Charter School,0.535,0.465,0.805
84X177,Mott Hall Charter School,0.51,0.49,0.842
84X185,Bronx Lighthouse Charter School,0.514,0.486,0.732
84X200,New Visions A.I.M. Charter High School II,0.498,0.502,0.824
84X202,New Visions Charter High School for Advanced Math,0.512,0.488,0.788
84X208,New Visions Charter High School for the Humanities,0.488,0.512,0.781
84X233,Family Life Academy Charter School II,0.51,0.49,0.831
84X255,Bronx Charter School for Excellence,0.518,0.482,0.534
84X256,Heketi Community Charter School,0.486,0.514,0.816
84X309,South Bronx Charter School for International Cultu,0.545,0.455,0.845
84X345,Hyde Leadership Charter School,0.526,0.474,0.778
84X346,South Bronx Classical Charter School,0.527,0.473,0.747
84X347,International Leadership Charter High School,0.587,0.413,0.699
84X362,Icahn Charter School 7,0.58,0.42,0.62
84X364,South Bronx Classical Charter School II,0.498,0.502,0.763
84X378,Icahn Charter School 2,0.575,0.425,0.566
84X380,Success Academy Charter School - Bronx 3,0.45,0.55,0.779
84X387,Brilla College Prep Charter School,0.476,0.524,0.841
84X389,Bronx Global Learning Institute for Girls Charter,1,0,0.756
84X393,University Prep Charter High School,0.541,0.459,0.746
84X394,Mott Haven Academy Charter School,0.531,0.469,0.919
84X395,"NYC Charter High School for Architecture, Engineer",0.325,0.675,0.795
84X398,Bronx Community Charter School,0.495,0.505,0.732
84X407,Bronx Charter School for Children,0.507,0.493,0.849
84X419,Bronx Academy of Promise Charter School,0.526,0.474,0.799
84X422,Icahn Charter School 3,0.492,0.508,0.622
84X429,Charter High School for Law and Social Justice,0.602,0.398,0.642
84X460,Atmosphere Charter School,0.526,0.474,0.799
84X461,Metropolitan Lighthouse Charter School,0.512,0.488,0.797
84X464,Success Academy Charter School - Bronx 4 - New Yor,0.526,0.474,0.716
84X465,Boys Preparatory Charter School of New York,0,1,0.762
84X471,American Dream Charter School,0.506,0.494,0.825
84X472,Family Life Academy Charter School III,0.493,0.507,0.845
84X482,Dr. Richard Izquierdo Health and Science Charter S,0.509,0.491,0.815
84X484,Bronx Charter School for Better Learning II,0.541,0.459,0.554
84X486,Rosalyn Yalow Charter School,0.573,0.427,0.856
84X487,Girls Preparatory Charter School of the Bronx,0.972,0.028,0.74
84X488,The Equality Charter School,0.509,0.491,0.556
84X489,South Bronx Classical Charter School III,0.449,0.551,0.777
84X491,Academic Leadership Charter School,0.53,0.47,0.826
84X492,South Bronx Early College Academy Charter School,0.539,0.461,0.875
84X493,Success Academy Charter School - Bronx 1,0.466,0.534,0.797
84X494,Success Academy Charter School - Bronx 2,0.458,0.542,0.779
84X496,Icahn Charter School 4,0.562,0.438,0.599
84X497,Storefront Academy Charter School,0.414,0.586,0.818
84X538,Icahn Charter School 5,0.502,0.498,0.485
84X539,New Visions Charter High School for Advanced Math,0.412,0.588,0.698
84X553,New Visions Charter High School for the Humanities,0.448,0.552,0.756
84X554,New York City Montessori Charter School,0.5,0.5,0.791
84X703,Bronx Preparatory Charter School,0.524,0.476,0.751
84X704,KIPP Academy Charter School,0.475,0.525,0.755
84X705,Family Life Academy Charter School,0.548,0.452,0.826
84X706,Harriet Tubman Charter School,0.559,0.441,0.817
84X717,Icahn Charter School,0.564,0.436,0.739
84X718,Bronx Charter School for Better Learning,0.522,0.478,0.512
84X730,Bronx Charter School for the Arts,0.511,0.489,0.821
